date,brand,company,total,positive,neutral,negative,theme
2025-08-21,Andrew Dutkanych,MILB,3,0,2,1,
2025-08-21,Antonio Anderson,MILB,14,4,8,2,
2025-08-21,Braden Montgomery,MILB,31,16,12,3,
2025-08-21,Christian Little,MILB,9,5,0,4,
2025-08-21,Christopher Suero,MILB,8,1,6,1,
2025-08-21,CJ Abrams,MLB,40,6,29,5,
2025-08-21,Dominic Johnson,MILB,0,0,0,0,
2025-08-21,Dominic Smith,MLB,40,11,22,7,
2025-08-21,Ed Howard,MILB,8,2,6,0,
2025-08-21,Gino Groover,MILB,9,1,8,0,
2025-08-21,Ian Lewis,MILB,8,2,6,0,
2025-08-21,Isaiah Drake,MILB,9,1,6,2,
2025-08-21,Isaiah Greene,MILB,8,0,7,1,
2025-08-21,Jaden Hill,MLB,40,14,24,2,
2025-08-21,Jamari Baylor,MLB,10,6,4,0,
2025-08-21,Jazz Chisholm,MLB,40,16,18,6,
2025-08-21,Jeremiah Estrada,MLB,40,13,21,6,
2025-08-21,Jordan McCants,MILB,8,3,5,0,
2025-08-21,Logan Allen,Baseball,40,11,24,5,
2025-08-21,Marcus Stroman,MLB,40,5,30,5,
2025-08-21,Mark Vientos,MLB,40,6,28,6,
2025-08-21,Masyn Winn,MLB,40,11,24,5,
2025-08-21,Myles Smith,MILB,9,3,6,0,
2025-08-21,Nick Kahle,MILB,7,4,3,0,
2025-08-21,Niko Goodrum,MLB,40,9,26,5,
2025-08-21,Nick Gordon,MLB,40,6,31,3,
2025-08-21,Robinson Cano,Baseball,40,19,21,0,
2025-08-21,Termarr Johnson,MILB,30,12,15,3,
2025-08-21,TJ McCants,MILB,10,5,5,0,
2025-08-21,Xavier Edwards,MLB,36,6,19,11,
2025-08-21,Zack Showalter,MILB,10,4,6,0,
2025-08-21,Aeneas Peebles,NFL Draft Prospect,10,3,4,3,
2025-08-21,Andrew Thomas,NFL,40,9,21,10,
2025-08-21,Andrew Voorhees,NFL,10,4,3,3,
2025-08-21,Azeez Ojulari,NFL,40,16,20,4,
2025-08-21,Baron Browning,NFL,40,13,26,1,
2025-08-21,Bradley Chubb,NFL,40,11,24,5,
2025-08-21,Brandon Coleman,NFL,40,17,19,4,
2025-08-21,Brandon Jones,NFL,40,26,11,3,
2025-08-21,Carlos Boogie Basham,NFL,22,4,17,1,
2025-08-21,Chris Paul,NFL,40,5,31,4,
2025-08-21,CJ Henderson,NFL,40,8,29,3,
2025-08-21,Clay Webb,NFL Draft Prospect,10,8,0,2,
2025-08-21,Devin Duvernay,NFL,40,6,27,7,
2025-08-21,De'Von Achane,NFL,40,5,9,26,
2025-08-21,Drake London,NFL,40,18,18,4,
2025-08-21,Erik Ezukanma,NFL,38,3,23,12,
2025-08-21,Gabriel Davis,NFL,40,9,27,4,
2025-08-21,Germaine Pratt,NFL,40,9,29,2,
2025-08-21,Isaiah Likely,NFL,40,9,17,14,
2025-08-21,Jaire Alexander,NFL,40,9,24,7,
2025-08-21,Jakorian Bennett,NFL,40,7,26,7,
2025-08-21,Jalen McMillan,NFL,40,3,13,24,
2025-08-21,Jalyn Armour-Davis,NFL,40,8,26,6,
2025-08-21,Jamaree Salyer,NFL,40,11,23,6,
2025-08-21,Jamel Dean,NFL,40,10,20,10,
2025-08-21,Jaylon Jones,NFL,40,10,23,7,
2025-08-21,Jordyn Brooks,NFL,40,14,22,4,
2025-08-21,Josaiah Stewart,NFL Draft Prospect,17,10,5,2,
2025-08-21,Julian Okwara,NFL,40,8,29,3,
2025-08-21,Kevin Winston Jr,NFL Draft Prospect,15,10,4,1,
2025-08-21,Kyler Murray,NFL,40,10,25,5,
2025-08-21,Le'Raven Clark,NFL,39,10,22,7,
2025-08-21,Lewis Cine,NFL,40,11,21,8,
2025-08-21,Louis Rees Zammit,NFL,39,10,27,2,
2025-08-21,Luiji Vilain,NFL,40,3,34,3,
2025-08-21,Marcus Maye,NFL,40,8,23,9,
2025-08-21,Micheal Clemons,NFL,40,9,21,10,
2025-08-21,Michael Pittman Jr,NFL,40,9,18,13,
2025-08-21,Patrick Paul,NFL,40,15,21,4,
2025-08-21,Rashod Bateman,NFL,40,12,25,3,
2025-08-21,Ronnie Stanley,NFL,40,14,22,4,
2025-08-21,Roschon Johnson,NFL,40,9,23,8,
2025-08-21,Sam Ehlinger,NFL,40,8,28,4,
2025-08-21,Savion Williams,NFL Draft Prospect,22,14,6,2,
2025-08-21,Terence Steele,NFL,40,11,17,12,
2025-08-21,Trent Taylor,NFL,39,4,28,7,
2025-08-21,Tyler Higbee,NFL,40,16,12,12,
2025-08-21,Tyler Lacy,NFL,39,4,30,5,
2025-08-21,Tyler Shough,NFL Draft Prospect,40,18,18,4,
2025-08-21,Tyree Wilson,NFL,40,11,26,3,
2025-08-21,Upton Stout,NFL Draft Prospect,10,6,3,1,
2025-08-21,Will Campbell,NFL Draft Prospect,40,22,8,10,
2025-08-21,Za'Darius Smith,NFL,40,19,16,5,
2025-08-21,Zamir White,NFL,40,6,25,9,
2025-08-21,Aphelele Fassi,Rugby,40,16,17,7,
2025-08-21,Ardie Savea,Rugby,40,22,13,5,
2025-08-21,Cheslin Kolbe,Rugby,40,20,11,9,
2025-08-21,Ellis Genge,Rugby,40,9,22,9,
2025-08-21,Jordan Hendrikse,Rugby,40,10,22,8,
2025-08-21,Luyolo Doyi,Rugby,10,6,4,0,
2025-08-21,Marcus Smith,Rugby,40,10,23,7,
2025-08-21,Mamus Rademeyer,Rugby,0,0,0,0,
2025-08-21,Ollie Lawrence,Rugby,40,7,15,18,
2025-08-21,Owam Freempong,Rugby,3,2,1,0,
2025-08-21,Ronald Brown,Rugby,40,15,20,5,
2025-08-21,Siya Kolisi,Rugby,40,12,18,10,
2025-08-21,Tendai Mtawarira,Rugby,40,18,17,5,
2025-08-21,Zukisani Tom,Rugby,8,6,2,0,
2025-08-21,Adem Bona,NBA,40,12,25,3,
2025-08-21,Bennie Boatwright,Basketball,40,19,17,4,
2025-08-21,Buddy Boeheim,NBA,40,10,27,3,
2025-08-21,Chris Boucher,NBA,40,16,24,0,
2025-08-21,Dillon Jones,NBA,40,9,31,0,
2025-08-21,James Young,Basketball,40,8,32,0,
2025-08-21,Jimmy Boeheim,Basketball,40,17,21,2,
2025-08-21,Kevin Porter Jr,NBA,40,9,27,4,
2025-08-21,LaMelo Ball,NBA,40,8,24,8,
2025-08-21,Quincy Guerrier,NBA,40,5,34,1,
2025-08-21,Rickea Jackson,WNBA,40,13,25,2,
2025-08-21,Skylar Diggins-Smith,WNBA,40,11,26,3,
2025-08-21,Allen Griffin,Coach,34,9,24,1,
2025-08-21,Dejan Stanković,Coach,40,14,24,2,
2025-08-21,God Shammgod,Coach,40,25,13,2,
2025-08-21,Hamlet Tibbs,Coach,10,6,4,0,
2025-08-21,Hue Jackson,Coach,40,7,23,10,
2025-08-21,Kliff Kingsbury,Coach,40,11,25,4,
2025-08-21,Rod Strickland,Coach,40,9,24,7,
2025-08-21,Adedire Mebude,Soccer,7,0,5,2,
2025-08-21,Alan Kardec De Souza,Soccer,0,0,0,0,
2025-08-21,Alexandre Cesar Santos Ribeiro,Soccer,0,0,0,0,
2025-08-21,Alfie McNally,Soccer,1,0,1,0,
2025-08-21,Andre Silva,Soccer,40,7,16,17,
2025-08-21,Andre Clovis Silva Filho,Soccer,0,0,0,0,
2025-08-21,Andrew brody,Soccer,40,9,27,4,
2025-08-21,Anthony Fontana,Soccer,29,10,17,2,
2025-08-21,Anselmo Ramon Alves Herculano,Soccer,0,0,0,0,
2025-08-21,Arthur Augusto De Matos Soares,Soccer,2,1,1,0,
2025-08-21,Arthur Zanell Koerich,Soccer,0,0,0,0,
2025-08-21,Axel Uriostegui,Soccer,8,6,1,1,
2025-08-21,Axel Witsel,Soccer,40,10,25,5,
2025-08-21,Aziel Jackson,Soccer,39,14,23,2,
2025-08-21,Billy Gee,Soccer,10,4,5,1,
2025-08-21,Bradley Ibrahim,Soccer,9,2,6,1,
2025-08-21,Brooke Norton-Cuffy,Soccer,23,6,17,0,
2025-08-21,Ciao Leao Do Amaral,Soccer,0,0,0,0,
2025-08-21,Carlos Henrique da Silva Ventura,Soccer,0,0,0,0,
2025-08-21,Cauly Oliveira Souza,Soccer,2,1,0,1,
2025-08-21,Charlie Rosenthal,Soccer,9,4,5,0,
2025-08-21,Chadi Riad,Soccer,38,9,26,3,
2025-08-21,Chris Richards,Soccer,40,16,20,4,
2025-08-21,Christian Dimarco,Soccer,4,1,3,0,
2025-08-21,Conor Lewis,Soccer,3,1,2,0,
2025-08-21,Dakota Watterson,Soccer,10,1,9,0,
2025-08-21,Davi Milhomens Waisman,Soccer,0,0,0,0,
2025-08-21,David Viana De Oliveira,Soccer,0,0,0,0,
2025-08-21,Dayvisson Andre Lima Dos Santos,Soccer,0,0,0,0,
2025-08-21,Deji Elerewe,Soccer,8,3,4,1,
2025-08-21,Diego Esser Pereira,Soccer,0,0,0,0,
2025-08-21,Diogo Leonardo Raposo De Araujo,Soccer,0,0,0,0,
2025-08-21,Douglas dos Santos Justino de Melo,Soccer,0,0,0,0,
2025-08-21,Eduardo De Oliveira Carvalho,Soccer,0,0,0,0,
2025-08-21,Emersonn Correia Da Silva,Soccer,0,0,0,0,
2025-08-21,Endrick Felipe Moreira de Sousa,Soccer,14,2,9,3,
2025-08-21,Ezra Carrington,Soccer,2,1,1,0,
2025-08-21,Fabricio Brunco Soares de Faria,Soccer,0,0,0,0,
2025-08-21,Federico Dimarco,Soccer,40,15,18,7,
2025-08-21,Felipe Felicio Silva Reis,Soccer,0,0,0,0,
2025-08-21,Felipe Vieira Dos Santos Martins,Soccer,0,0,0,0,
2025-08-21,Gabriel Correia Da Silva,Soccer,1,0,1,0,
2025-08-21,Gabriel Teodoro Martinelli Silva,Soccer,9,4,4,1,
2025-08-21,Gabryelo Bica Zaffari D Agustini,Soccer,0,0,0,0,
2025-08-21,Gustavo Henrique Correa,Soccer,0,0,0,0,
2025-08-21,Gustavo Reis De Alcantara,Soccer,0,0,0,0,
2025-08-21,Grayson Doody,Soccer,10,3,7,0,
2025-08-21,Henrique De Souza Trevisan,Soccer,0,0,0,0,
2025-08-21,Igor Toledo E Toledo,Soccer,0,0,0,0,
2025-08-21,Isaiah Parker,Soccer,12,2,10,0,
2025-08-21,Italo Lucas do Nascimento Pereira,Soccer,0,0,0,0,
2025-08-21,Jack Mcglynn,Soccer,40,7,28,5,
2025-08-21,Jackson Teixeira Filho,Soccer,0,0,0,0,
2025-08-21,Jacob Neptune,Soccer,0,0,0,0,
2025-08-21,Jacob Wright,Soccer,31,13,16,2,
2025-08-21,Jadan Raymond,Soccer,9,2,5,2,
2025-08-21,Jadsom Meemyas De Oliveira Da Silva,Soccer,0,0,0,0,
2025-08-21,Jahmari Clarke,Soccer,5,2,2,1,
2025-08-21,Jhuan Nunes Coelho,Soccer,0,0,0,0,
2025-08-21,Joao Henrique Medes Da Silva,Soccer,0,0,0,0,
2025-08-21,Joao Douglas De Sousa Silva,Soccer,0,0,0,0,
2025-08-21,Joao Moreira Sanmartin Souza,Soccer,0,0,0,0,
2025-08-21,Joao Pedro de Moura Siembarski,Soccer,0,0,0,0,
2025-08-21,João Victor Vieira Ferreira Sousa,Soccer,0,0,0,0,
2025-08-21,Joel Gasco,Soccer,0,0,0,0,
2025-08-21,Jojea Kwizera,Soccer,11,3,7,1,
2025-08-21,Jordi Saucedo,Soccer,0,0,0,0,
2025-08-21,Jose Rafael Vivian,Soccer,0,0,0,0,
2025-08-21,Josh Nichols,Soccer,28,8,19,1,
2025-08-21,Justen Glad,Soccer,40,26,9,5,
2025-08-21,Kaiden Wilson,Soccer,10,0,10,0,
2025-08-21,Kauan Do Nascimento Firmo,Soccer,0,0,0,0,
2025-08-21,Kayke Ferrari Guimaraes,Soccer,0,0,0,0,
2025-08-21,Keaton Parks,Soccer,40,11,25,4,
2025-08-21,Keven Vinicius Duarte Silva,Soccer,0,0,0,0,
2025-08-21,Kevin de Bruyne,Soccer,40,11,27,2,
2025-08-21,Kevyn Henrique Monteiro De Souza,Soccer,0,0,0,0,
2025-08-21,Korede Osundina,Soccer,9,2,7,0,
2025-08-21,Lazaro Vinicius Marques,Soccer,4,0,4,0,
2025-08-21,Leonardo Bonatini Lohner Maia,Soccer,0,0,0,0,
2025-08-21,Leonardo de Azevedo Silva,Soccer,0,0,0,0,
2025-08-21,Lewis Orford,Soccer,10,7,3,0,
2025-08-21,Lincoln Henrique-Oliveira dos Santos,Soccer,0,0,0,0,
2025-08-21,Lorran Lucas Pereira De Sousa,Soccer,2,0,2,0,
2025-08-21,Luan Andrey Da Silva Duarte,Soccer,0,0,0,0,
2025-08-21,Luca Fletcher,Soccer,9,4,5,0,
2025-08-21,Lucas Alexandre Galdino de Azevedo,Soccer,1,0,1,0,
2025-08-21,Lucas Evangelista Santana De Oliveira,Soccer,1,0,1,0,
2025-08-21,Lucas Felipe Calegari,Soccer,2,0,2,0,
2025-08-21,Lucas Fernandes da Silva,Soccer,0,0,0,0,
2025-08-21,Lucas Henrique Barbosa,Soccer,2,0,2,0,
2025-08-21,Lucas Pires Silva,Soccer,2,0,2,0,
2025-08-21,Lucas Rosa Gazzotto,Soccer,0,0,0,0,
2025-08-21,Lucas Tolentino Coelho De Lima,Soccer,10,3,4,3,
2025-08-21,Luis Felipe Silva Dos Anjos,Soccer,0,0,0,0,
2025-08-21,Manuel Vila Cabezas,Soccer,0,0,0,0,
2025-08-21,Marcio Vitor Barbosa Da Silva,Soccer,0,0,0,0,
2025-08-21,Marcos Antonio Silva Santos,Soccer,0,0,0,0,
2025-08-21,Marcos Gabriel do Nascimento,Soccer,0,0,0,0,
2025-08-21,Marcus Vinicius Caetano Loureiro,Soccer,0,0,0,0,
2025-08-21,Mateus Da Frada Lustosa,Soccer,0,0,0,0,
2025-08-21,Mateus Dias Lima,Soccer,0,0,0,0,
2025-08-21,Mateus Macena De Almeida Santos,Soccer,0,0,0,0,
2025-08-21,Matheus Dalsasso Dias,Soccer,0,0,0,0,
2025-08-21,Matheus Rossetto,Soccer,23,7,11,5,
2025-08-21,Matt Miazaga,Soccer,3,0,3,0,
2025-08-21,Matt Real,Soccer,27,4,19,4,
2025-08-21,Maycon Vinicius De Lima Galho,Soccer,0,0,0,0,
2025-08-21,Murilo Camargo Dos Santos,Soccer,0,0,0,0,
2025-08-21,Murilo Cerqueira Paim,Soccer,3,1,2,0,
2025-08-21,Nathan Ferguson,Soccer,14,6,5,3,
2025-08-21,Nathan Pinheiro Dantas Benvindo Rosal,Soccer,0,0,0,0,
2025-08-21,Nathan Santos de Araújo,Soccer,1,0,1,0,
2025-08-21,Nkosi Tafari,Soccer,40,6,33,1,
2025-08-21,Olger Escobar,Soccer,39,6,33,0,
2025-08-21,Òscar Masqué García,Soccer,0,0,0,0,
2025-08-21,Oscar Torrellas,Soccer,0,0,0,0,
2025-08-21,Otavio Goncalves De Oliveira,Soccer,0,0,0,0,
2025-08-21,Paulo Otavio Rosa Silva,Soccer,0,0,0,0,
2025-08-21,Pedro Henrique Da Silva Barbosa,Soccer,0,0,0,0,
2025-08-21,Pedro Henrique De Oliveira Correia,Soccer,0,0,0,0,
2025-08-21,Pedro Henrique Pereora da Silva,Soccer,0,0,0,0,
2025-08-21,Pedro Julio De Andrade Santos,Soccer,0,0,0,0,
2025-08-21,Rafael Barbosa Coutinho,Soccer,0,0,0,0,
2025-08-21,Renato Marques de Oliveira Junior,Soccer,0,0,0,0,
2025-08-21,Ricardo Cerqueira Da Silva,Soccer,0,0,0,0,
2025-08-21,Robert De Souza Ferreira Dias,Soccer,0,0,0,0,
2025-08-21,Ruan Lucas De Assis,Soccer,0,0,0,0,
2025-08-21,Rubens Antonio Dias,Soccer,0,0,0,0,
2025-08-21,Ryan Medina Da Silva,Soccer,0,0,0,0,
2025-08-21,Samuel Alves Barroso,Soccer,0,0,0,0,
2025-08-21,Samuel Lusale,Soccer,10,6,4,0,
2025-08-21,Seth Chingwaro,Soccer,10,4,6,0,
2025-08-21,Theo Adelusi,Soccer,5,2,3,0,
2025-08-21,Thierry Rohart-Brown,Soccer,5,3,2,0,
2025-08-21,Tim Parker,Soccer,40,10,29,1,
2025-08-21,Tucker Lepley,Soccer,26,10,13,3,
2025-08-21,Tyreece John-Jules,Soccer,9,2,7,0,
2025-08-21,Victor Hugo Gomes Silva,Soccer,1,1,0,0,
2025-08-21,Victor Marcelo Mendes de Santana,Soccer,0,0,0,0,
2025-08-21,Vinicius Jose Paixao de Oliveira Junior,Soccer,14,5,4,5,
2025-08-21,Vonnte Williams,Soccer,3,2,1,0,
2025-08-21,Vitor Carvalho,Soccer,8,0,7,1,
2025-08-21,Vitor Dos Santos Figueiredo,Soccer,0,0,0,0,
2025-08-21,Vitor Tormena de Farias,Soccer,0,0,0,0,
2025-08-21,Weverson Moreira da Costa,Soccer,0,0,0,0,
2025-08-21,Xavier Amaechi,Soccer,10,2,8,0,
2025-08-21,Yann Neves Siqueira,Soccer,0,0,0,0,
2025-08-21,Ykaro Toledo E Toledo,Soccer,0,0,0,0,
2025-08-21,Zach Marsh,Soccer,8,2,5,1,
2025-08-21,Adia Victoria,singer,40,5,30,5,
2025-08-21,Alicia Keys,singer,40,20,14,6,
2025-08-21,A$AP Ferg,ASAP Ferg,40,11,22,7,
2025-08-21,A$AP ROCKY,ASAP ROCKY,40,10,18,12,
2025-08-21,Benny The Butcher,rapper,40,11,25,4,
2025-08-21,Bohnes,Alexander DeLeon,13,3,10,0,
2025-08-21,Christina Aguilera,singer,40,11,28,1,
2025-08-21,Corinne Bailey Rae,singer,40,8,22,10,
2025-08-21,DJ Khaled,record producer,40,15,22,3,
2025-08-21,Ezinma,violinist,20,9,9,2,
2025-08-21,Fat Joe,rapper,40,5,12,23,
2025-08-21,J Balvin,singer,40,9,27,4,
2025-08-21,Jadakiss,rapper,40,16,17,7,
2025-08-21,Jess Glynne,singer,40,17,18,5,
2025-08-21,Kate Peytavin,singer,6,3,2,1,
2025-08-21,Lil Uzi Vert,rapper,40,11,15,14,
2025-08-21,Lous and the Yakuza,singer,30,6,22,2,
2025-08-21,Megan Thee Stallion,rapper,40,11,21,8,
2025-08-21,Moneybagg Yo,rapper,40,11,25,4,
2025-08-21,DJ Mustard,record producer,40,16,16,8,
2025-08-21,Nipsey Hussle,rapper,40,11,17,12,
2025-08-21,Rihanna,singer,40,13,19,8,
2025-08-21,Robin Thicke,singer,40,15,16,9,
2025-08-21,The LOX,hip hop group,40,16,18,6,
2025-08-21,Tinashe,singer,40,10,16,14,
2025-08-21,Yo Gotti,rapper,40,4,17,19,
2025-08-21,Bodega Flee,DJ,3,0,3,0,
2025-08-21,DJ Camilo,radio personality,2,1,1,0,
2025-08-21,Angie Martinez,radio personality,40,7,29,4,
2025-08-21,Van Jones,media personality,12,3,7,2,
2025-08-21,Fred Ball,record producer,6,1,4,1,
2025-08-21,Big Sean,rapper,40,18,16,6,
2025-08-21,DJ LYAN,music producer,8,2,5,1,
2025-08-21,Madison Bailey,actress,40,14,21,5,
2025-08-21,Myke Towers,rapper,40,9,25,6,
2025-08-21,Desiree Perez,Roc Nation,40,6,10,24,
2025-08-21,Jay-Z,rapper,40,12,12,16,
2025-08-22,Andrew Dutkanych,MILB,3,0,2,1,
2025-08-22,Antonio Anderson,MILB,16,5,8,3,
2025-08-22,Braden Montgomery,MILB,34,21,12,1,
2025-08-22,Christian Little,MILB,7,3,0,4,
2025-08-22,Christopher Suero,MILB,7,1,5,1,
2025-08-22,CJ Abrams,MLB,40,6,30,4,
2025-08-22,Dominic Johnson,MILB,0,0,0,0,
2025-08-22,Dominic Smith,MLB,40,12,22,6,
2025-08-22,Ed Howard,MILB,8,2,6,0,
2025-08-22,Gino Groover,MILB,9,1,8,0,
2025-08-22,Ian Lewis,MILB,8,2,6,0,
2025-08-22,Isaiah Drake,MILB,9,1,5,3,
2025-08-22,Isaiah Greene,MILB,8,1,6,1,
2025-08-22,Jaden Hill,MLB,39,13,24,2,
2025-08-22,Jamari Baylor,MLB,10,6,4,0,
2025-08-22,Jazz Chisholm,MLB,40,14,17,9,
2025-08-22,Jeremiah Estrada,MLB,40,13,21,6,
2025-08-22,Jordan McCants,MILB,8,3,5,0,
2025-08-22,Logan Allen,Baseball,40,12,23,5,
2025-08-22,Marcus Stroman,MLB,40,5,28,7,
2025-08-22,Mark Vientos,MLB,40,8,26,6,
2025-08-22,Masyn Winn,MLB,40,10,24,6,
2025-08-22,Myles Smith,MILB,9,1,8,0,
2025-08-22,Nick Kahle,MILB,7,4,3,0,
2025-08-22,Niko Goodrum,MLB,40,9,26,5,
2025-08-22,Nick Gordon,MLB,40,6,31,3,
2025-08-22,Robinson Cano,Baseball,40,20,20,0,
2025-08-22,Termarr Johnson,MILB,34,14,18,2,
2025-08-22,TJ McCants,MILB,11,5,6,0,
2025-08-22,Xavier Edwards,MLB,36,6,19,11,
2025-08-22,Zack Showalter,MILB,10,4,6,0,
2025-08-22,Aeneas Peebles,NFL Draft Prospect,10,3,4,3,
2025-08-22,Andrew Thomas,NFL,40,9,24,7,
2025-08-22,Andrew Voorhees,NFL,10,3,3,4,
2025-08-22,Azeez Ojulari,NFL,40,16,19,5,
2025-08-22,Baron Browning,NFL,40,13,26,1,
2025-08-22,Bradley Chubb,NFL,40,11,23,6,
2025-08-22,Brandon Coleman,NFL,40,17,19,4,
2025-08-22,Brandon Jones,NFL,40,27,10,3,
2025-08-22,Carlos Boogie Basham,NFL,20,4,15,1,
2025-08-22,Chris Paul,NFL,38,4,31,3,
2025-08-22,CJ Henderson,NFL,40,9,27,4,
2025-08-22,Clay Webb,NFL Draft Prospect,10,7,0,3,
2025-08-22,Devin Duvernay,NFL,40,7,26,7,
2025-08-22,De'Von Achane,NFL,40,4,9,27,
2025-08-22,Drake London,NFL,40,14,22,4,
2025-08-22,Erik Ezukanma,NFL,38,3,24,11,
2025-08-22,Gabriel Davis,NFL,40,9,27,4,
2025-08-22,Germaine Pratt,NFL,40,10,28,2,
2025-08-22,Isaiah Likely,NFL,40,9,17,14,
2025-08-22,Jaire Alexander,NFL,40,11,22,7,
2025-08-22,Jakorian Bennett,NFL,40,7,27,6,
2025-08-22,Jalen McMillan,NFL,40,1,13,26,
2025-08-22,Jalyn Armour-Davis,NFL,40,9,24,7,
2025-08-22,Jamaree Salyer,NFL,40,10,24,6,
2025-08-22,Jamel Dean,NFL,40,10,20,10,
2025-08-22,Jaylon Jones,NFL,40,9,23,8,
2025-08-22,Jordyn Brooks,NFL,40,15,21,4,
2025-08-22,Josaiah Stewart,NFL Draft Prospect,18,11,5,2,
2025-08-22,Julian Okwara,NFL,40,7,30,3,
2025-08-22,Kevin Winston Jr,NFL Draft Prospect,15,9,5,1,
2025-08-22,Kyler Murray,NFL,40,8,27,5,
2025-08-22,Le'Raven Clark,NFL,39,11,21,7,
2025-08-22,Lewis Cine,NFL,40,10,22,8,
2025-08-22,Louis Rees Zammit,NFL,39,10,25,4,
2025-08-22,Luiji Vilain,NFL,38,4,31,3,
2025-08-22,Marcus Maye,NFL,40,8,23,9,
2025-08-22,Micheal Clemons,NFL,39,9,22,8,
2025-08-22,Michael Pittman Jr,NFL,40,10,19,11,
2025-08-22,Patrick Paul,NFL,40,14,21,5,
2025-08-22,Rashod Bateman,NFL,40,12,25,3,
2025-08-22,Ronnie Stanley,NFL,40,13,23,4,
2025-08-22,Roschon Johnson,NFL,40,9,23,8,
2025-08-22,Sam Ehlinger,NFL,40,8,27,5,
2025-08-22,Savion Williams,NFL Draft Prospect,22,14,6,2,
2025-08-22,Terence Steele,NFL,40,11,18,11,
2025-08-22,Trent Taylor,NFL,39,4,28,7,
2025-08-22,Tyler Higbee,NFL,40,16,13,11,
2025-08-22,Tyler Lacy,NFL,39,5,30,4,
2025-08-22,Tyler Shough,NFL Draft Prospect,40,19,18,3,
2025-08-22,Tyree Wilson,NFL,40,15,23,2,
2025-08-22,Upton Stout,NFL Draft Prospect,10,6,3,1,
2025-08-22,Will Campbell,NFL Draft Prospect,40,22,8,10,
2025-08-22,Za'Darius Smith,NFL,40,22,14,4,
2025-08-22,Zamir White,NFL,40,6,25,9,
2025-08-22,Aphelele Fassi,Rugby,40,13,16,11,
2025-08-22,Ardie Savea,Rugby,40,20,14,6,
2025-08-22,Cheslin Kolbe,Rugby,40,20,12,8,
2025-08-22,Ellis Genge,Rugby,40,9,22,9,
2025-08-22,Jordan Hendrikse,Rugby,40,11,21,8,
2025-08-22,Luyolo Doyi,Rugby,10,6,4,0,
2025-08-22,Marcus Smith,Rugby,40,9,24,7,
2025-08-22,Mamus Rademeyer,Rugby,0,0,0,0,
2025-08-22,Ollie Lawrence,Rugby,40,7,14,19,
2025-08-22,Owam Freempong,Rugby,3,2,1,0,
2025-08-22,Ronald Brown,Rugby,40,15,20,5,
2025-08-22,Siya Kolisi,Rugby,40,10,20,10,
2025-08-22,Tendai Mtawarira,Rugby,40,19,16,5,
2025-08-22,Zukisani Tom,Rugby,8,6,2,0,
2025-08-22,Adem Bona,NBA,40,12,24,4,
2025-08-22,Bennie Boatwright,Basketball,40,20,15,5,
2025-08-22,Buddy Boeheim,NBA,40,11,27,2,
2025-08-22,Chris Boucher,NBA,40,16,24,0,
2025-08-22,Dillon Jones,NBA,40,9,31,0,
2025-08-22,James Young,Basketball,40,8,32,0,
2025-08-22,Jimmy Boeheim,Basketball,40,18,22,0,
2025-08-22,Kevin Porter Jr,NBA,40,8,28,4,
2025-08-22,LaMelo Ball,NBA,40,9,24,7,
2025-08-22,Quincy Guerrier,NBA,30,3,27,0,
2025-08-22,Rickea Jackson,WNBA,40,14,25,1,
2025-08-22,Skylar Diggins-Smith,WNBA,40,12,25,3,
2025-08-22,Allen Griffin,Coach,34,8,25,1,
2025-08-22,Dejan Stanković,Coach,40,15,24,1,
2025-08-22,God Shammgod,Coach,40,24,14,2,
2025-08-22,Hamlet Tibbs,Coach,10,5,5,0,
2025-08-22,Hue Jackson,Coach,40,5,26,9,
2025-08-22,Kliff Kingsbury,Coach,40,10,26,4,
2025-08-22,Rod Strickland,Coach,39,10,22,7,
2025-08-22,Adedire Mebude,Soccer,6,0,4,2,
2025-08-22,Alan Kardec De Souza,Soccer,0,0,0,0,
2025-08-22,Alexandre Cesar Santos Ribeiro,Soccer,0,0,0,0,
2025-08-22,Alfie McNally,Soccer,1,0,1,0,
2025-08-22,Andre Silva,Soccer,40,7,15,18,
2025-08-22,Andre Clovis Silva Filho,Soccer,0,0,0,0,
2025-08-22,Andrew brody,Soccer,39,9,27,3,
2025-08-22,Anthony Fontana,Soccer,28,10,16,2,
2025-08-22,Anselmo Ramon Alves Herculano,Soccer,0,0,0,0,
2025-08-22,Arthur Augusto De Matos Soares,Soccer,2,1,1,0,
2025-08-22,Arthur Zanell Koerich,Soccer,0,0,0,0,
2025-08-22,Axel Uriostegui,Soccer,9,7,1,1,
2025-08-22,Axel Witsel,Soccer,39,10,22,7,
2025-08-22,Aziel Jackson,Soccer,39,15,22,2,
2025-08-22,Billy Gee,Soccer,10,4,5,1,
2025-08-22,Bradley Ibrahim,Soccer,9,2,6,1,
2025-08-22,Brooke Norton-Cuffy,Soccer,23,5,18,0,
2025-08-22,Ciao Leao Do Amaral,Soccer,0,0,0,0,
2025-08-22,Carlos Henrique da Silva Ventura,Soccer,0,0,0,0,
2025-08-22,Cauly Oliveira Souza,Soccer,2,1,0,1,
2025-08-22,Charlie Rosenthal,Soccer,9,4,5,0,
2025-08-22,Chadi Riad,Soccer,36,9,24,3,
2025-08-22,Chris Richards,Soccer,40,16,21,3,
2025-08-22,Christian Dimarco,Soccer,4,1,3,0,
2025-08-22,Conor Lewis,Soccer,3,1,2,0,
2025-08-22,Dakota Watterson,Soccer,10,1,9,0,
2025-08-22,Davi Milhomens Waisman,Soccer,0,0,0,0,
2025-08-22,David Viana De Oliveira,Soccer,0,0,0,0,
2025-08-22,Dayvisson Andre Lima Dos Santos,Soccer,0,0,0,0,
2025-08-22,Deji Elerewe,Soccer,9,3,5,1,
2025-08-22,Diego Esser Pereira,Soccer,0,0,0,0,
2025-08-22,Diogo Leonardo Raposo De Araujo,Soccer,0,0,0,0,
2025-08-22,Douglas dos Santos Justino de Melo,Soccer,0,0,0,0,
2025-08-22,Eduardo De Oliveira Carvalho,Soccer,0,0,0,0,
2025-08-22,Emersonn Correia Da Silva,Soccer,0,0,0,0,
2025-08-22,Endrick Felipe Moreira de Sousa,Soccer,14,2,9,3,
2025-08-22,Ezra Carrington,Soccer,2,1,1,0,
2025-08-22,Fabricio Brunco Soares de Faria,Soccer,0,0,0,0,
2025-08-22,Federico Dimarco,Soccer,40,16,18,6,
2025-08-22,Felipe Felicio Silva Reis,Soccer,0,0,0,0,
2025-08-22,Felipe Vieira Dos Santos Martins,Soccer,0,0,0,0,
2025-08-22,Gabriel Correia Da Silva,Soccer,1,0,1,0,
2025-08-22,Gabriel Teodoro Martinelli Silva,Soccer,9,4,4,1,
2025-08-22,Gabryelo Bica Zaffari D Agustini,Soccer,0,0,0,0,
2025-08-22,Gustavo Henrique Correa,Soccer,0,0,0,0,
2025-08-22,Gustavo Reis De Alcantara,Soccer,0,0,0,0,
2025-08-22,Grayson Doody,Soccer,10,3,7,0,
2025-08-22,Henrique De Souza Trevisan,Soccer,0,0,0,0,
2025-08-22,Igor Toledo E Toledo,Soccer,0,0,0,0,
2025-08-22,Isaiah Parker,Soccer,12,2,10,0,
2025-08-22,Italo Lucas do Nascimento Pereira,Soccer,0,0,0,0,
2025-08-22,Jack Mcglynn,Soccer,40,6,28,6,
2025-08-22,Jackson Teixeira Filho,Soccer,0,0,0,0,
2025-08-22,Jacob Neptune,Soccer,0,0,0,0,
2025-08-22,Jacob Wright,Soccer,32,14,16,2,
2025-08-22,Jadan Raymond,Soccer,9,2,5,2,
2025-08-22,Jadsom Meemyas De Oliveira Da Silva,Soccer,0,0,0,0,
2025-08-22,Jahmari Clarke,Soccer,6,3,2,1,
2025-08-22,Jhuan Nunes Coelho,Soccer,0,0,0,0,
2025-08-22,Joao Henrique Medes Da Silva,Soccer,0,0,0,0,
2025-08-22,Joao Douglas De Sousa Silva,Soccer,0,0,0,0,
2025-08-22,Joao Moreira Sanmartin Souza,Soccer,0,0,0,0,
2025-08-22,Joao Pedro de Moura Siembarski,Soccer,0,0,0,0,
2025-08-22,João Victor Vieira Ferreira Sousa,Soccer,0,0,0,0,
2025-08-22,Joel Gasco,Soccer,0,0,0,0,
2025-08-22,Jojea Kwizera,Soccer,11,3,7,1,
2025-08-22,Jordi Saucedo,Soccer,0,0,0,0,
2025-08-22,Jose Rafael Vivian,Soccer,0,0,0,0,
2025-08-22,Josh Nichols,Soccer,28,7,20,1,
2025-08-22,Justen Glad,Soccer,40,26,9,5,
2025-08-22,Kaiden Wilson,Soccer,10,0,10,0,
2025-08-22,Kauan Do Nascimento Firmo,Soccer,0,0,0,0,
2025-08-22,Kayke Ferrari Guimaraes,Soccer,0,0,0,0,
2025-08-22,Keaton Parks,Soccer,40,11,24,5,
2025-08-22,Keven Vinicius Duarte Silva,Soccer,0,0,0,0,
2025-08-22,Kevin de Bruyne,Soccer,40,12,25,3,
2025-08-22,Kevyn Henrique Monteiro De Souza,Soccer,0,0,0,0,
2025-08-22,Korede Osundina,Soccer,9,2,7,0,
2025-08-22,Lazaro Vinicius Marques,Soccer,4,0,4,0,
2025-08-22,Leonardo Bonatini Lohner Maia,Soccer,0,0,0,0,
2025-08-22,Leonardo de Azevedo Silva,Soccer,0,0,0,0,
2025-08-22,Lewis Orford,Soccer,10,6,4,0,
2025-08-22,Lincoln Henrique-Oliveira dos Santos,Soccer,0,0,0,0,
2025-08-22,Lorran Lucas Pereira De Sousa,Soccer,2,0,2,0,
2025-08-22,Luan Andrey Da Silva Duarte,Soccer,0,0,0,0,
2025-08-22,Luca Fletcher,Soccer,9,4,5,0,
2025-08-22,Lucas Alexandre Galdino de Azevedo,Soccer,1,0,1,0,
2025-08-22,Lucas Evangelista Santana De Oliveira,Soccer,1,0,1,0,
2025-08-22,Lucas Felipe Calegari,Soccer,2,0,2,0,
2025-08-22,Lucas Fernandes da Silva,Soccer,0,0,0,0,
2025-08-22,Lucas Henrique Barbosa,Soccer,2,0,2,0,
2025-08-22,Lucas Pires Silva,Soccer,2,0,2,0,
2025-08-22,Lucas Rosa Gazzotto,Soccer,0,0,0,0,
2025-08-22,Lucas Tolentino Coelho De Lima,Soccer,10,4,4,2,
2025-08-22,Luis Felipe Silva Dos Anjos,Soccer,0,0,0,0,
2025-08-22,Manuel Vila Cabezas,Soccer,0,0,0,0,
2025-08-22,Marcio Vitor Barbosa Da Silva,Soccer,0,0,0,0,
2025-08-22,Marcos Antonio Silva Santos,Soccer,0,0,0,0,
2025-08-22,Marcos Gabriel do Nascimento,Soccer,0,0,0,0,
2025-08-22,Marcus Vinicius Caetano Loureiro,Soccer,0,0,0,0,
2025-08-22,Mateus Da Frada Lustosa,Soccer,0,0,0,0,
2025-08-22,Mateus Dias Lima,Soccer,0,0,0,0,
2025-08-22,Mateus Macena De Almeida Santos,Soccer,0,0,0,0,
2025-08-22,Matheus Dalsasso Dias,Soccer,0,0,0,0,
2025-08-22,Matheus Rossetto,Soccer,23,7,11,5,
2025-08-22,Matt Miazaga,Soccer,2,0,2,0,
2025-08-22,Matt Real,Soccer,27,5,18,4,
2025-08-22,Maycon Vinicius De Lima Galho,Soccer,0,0,0,0,
2025-08-22,Murilo Camargo Dos Santos,Soccer,0,0,0,0,
2025-08-22,Murilo Cerqueira Paim,Soccer,3,1,2,0,
2025-08-22,Nathan Ferguson,Soccer,15,6,6,3,
2025-08-22,Nathan Pinheiro Dantas Benvindo Rosal,Soccer,0,0,0,0,
2025-08-22,Nathan Santos de Araújo,Soccer,1,0,1,0,
2025-08-22,Nkosi Tafari,Soccer,40,6,32,2,
2025-08-22,Olger Escobar,Soccer,39,7,32,0,
2025-08-22,Òscar Masqué García,Soccer,0,0,0,0,
2025-08-22,Oscar Torrellas,Soccer,0,0,0,0,
2025-08-22,Otavio Goncalves De Oliveira,Soccer,0,0,0,0,
2025-08-22,Paulo Otavio Rosa Silva,Soccer,0,0,0,0,
2025-08-22,Pedro Henrique Da Silva Barbosa,Soccer,0,0,0,0,
2025-08-22,Pedro Henrique De Oliveira Correia,Soccer,0,0,0,0,
2025-08-22,Pedro Henrique Pereora da Silva,Soccer,0,0,0,0,
2025-08-22,Pedro Julio De Andrade Santos,Soccer,0,0,0,0,
2025-08-22,Rafael Barbosa Coutinho,Soccer,0,0,0,0,
2025-08-22,Renato Marques de Oliveira Junior,Soccer,0,0,0,0,
2025-08-22,Ricardo Cerqueira Da Silva,Soccer,0,0,0,0,
2025-08-22,Robert De Souza Ferreira Dias,Soccer,0,0,0,0,
2025-08-22,Ruan Lucas De Assis,Soccer,0,0,0,0,
2025-08-22,Rubens Antonio Dias,Soccer,0,0,0,0,
2025-08-22,Ryan Medina Da Silva,Soccer,0,0,0,0,
2025-08-22,Samuel Alves Barroso,Soccer,0,0,0,0,
2025-08-22,Samuel Lusale,Soccer,9,6,3,0,
2025-08-22,Seth Chingwaro,Soccer,10,4,6,0,
2025-08-22,Theo Adelusi,Soccer,5,2,3,0,
2025-08-22,Thierry Rohart-Brown,Soccer,5,3,2,0,
2025-08-22,Tim Parker,Soccer,40,10,29,1,
2025-08-22,Tucker Lepley,Soccer,25,10,12,3,
2025-08-22,Tyreece John-Jules,Soccer,10,2,8,0,
2025-08-22,Victor Hugo Gomes Silva,Soccer,1,1,0,0,
2025-08-22,Victor Marcelo Mendes de Santana,Soccer,0,0,0,0,
2025-08-22,Vinicius Jose Paixao de Oliveira Junior,Soccer,14,5,4,5,
2025-08-22,Vonnte Williams,Soccer,3,2,1,0,
2025-08-22,Vitor Carvalho,Soccer,8,0,7,1,
2025-08-22,Vitor Dos Santos Figueiredo,Soccer,0,0,0,0,
2025-08-22,Vitor Tormena de Farias,Soccer,0,0,0,0,
2025-08-22,Weverson Moreira da Costa,Soccer,0,0,0,0,
2025-08-22,Xavier Amaechi,Soccer,10,2,8,0,
2025-08-22,Yann Neves Siqueira,Soccer,0,0,0,0,
2025-08-22,Ykaro Toledo E Toledo,Soccer,0,0,0,0,
2025-08-22,Zach Marsh,Soccer,8,2,5,1,
2025-08-22,Adia Victoria,singer,40,5,30,5,
2025-08-22,Alicia Keys,singer,40,21,15,4,
2025-08-22,A$AP Ferg,ASAP Ferg,40,11,22,7,
2025-08-22,A$AP ROCKY,ASAP ROCKY,39,10,19,10,
2025-08-22,Benny The Butcher,rapper,40,10,25,5,
2025-08-22,Bohnes,Alexander DeLeon,14,4,10,0,
2025-08-22,Christina Aguilera,singer,40,13,25,2,
2025-08-22,Corinne Bailey Rae,singer,40,7,23,10,
2025-08-22,DJ Khaled,record producer,40,14,23,3,
2025-08-22,Ezinma,violinist,20,9,9,2,
2025-08-22,Fat Joe,rapper,40,6,12,22,
2025-08-22,J Balvin,singer,40,9,26,5,
2025-08-22,Jadakiss,rapper,40,16,17,7,
2025-08-22,Jess Glynne,singer,40,16,19,5,
2025-08-22,Kate Peytavin,singer,6,3,2,1,
2025-08-22,Lil Uzi Vert,rapper,40,9,16,15,
2025-08-22,Lous and the Yakuza,singer,29,6,21,2,
2025-08-22,Megan Thee Stallion,rapper,40,12,19,9,
2025-08-22,Moneybagg Yo,rapper,40,11,25,4,
2025-08-22,DJ Mustard,record producer,17,6,8,3,
2025-08-22,Nipsey Hussle,rapper,40,11,17,12,
2025-08-22,Rihanna,singer,40,12,20,8,
2025-08-22,Robin Thicke,singer,40,14,17,9,
2025-08-22,The LOX,hip hop group,40,17,17,6,
2025-08-22,Tinashe,singer,40,10,17,13,
2025-08-22,Yo Gotti,rapper,40,4,16,20,
2025-08-22,Bodega Flee,DJ,3,0,3,0,
2025-08-22,DJ Camilo,radio personality,2,1,1,0,
2025-08-22,Angie Martinez,radio personality,40,7,29,4,
2025-08-22,Van Jones,media personality,11,2,7,2,
2025-08-22,Fred Ball,record producer,6,1,4,1,
2025-08-22,Big Sean,rapper,40,18,17,5,
2025-08-22,DJ LYAN,music producer,8,2,5,1,
2025-08-22,Madison Bailey,actress,40,14,19,7,
2025-08-22,Myke Towers,rapper,40,10,26,4,
2025-08-22,Desiree Perez,Roc Nation,40,7,11,22,
2025-08-22,Jay-Z,rapper,40,15,9,16,
2025-08-23,Andrew Dutkanych,MILB,3,0,2,1,
2025-08-23,Antonio Anderson,MILB,16,4,9,3,
2025-08-23,Braden Montgomery,MILB,34,22,12,0,
2025-08-23,Christian Little,MILB,7,3,0,4,
2025-08-23,Christopher Suero,MILB,10,2,7,1,
2025-08-23,CJ Abrams,MLB,40,5,30,5,
2025-08-23,Dominic Johnson,MILB,0,0,0,0,
2025-08-23,Dominic Smith,MLB,40,11,23,6,
2025-08-23,Ed Howard,MILB,8,2,6,0,
2025-08-23,Gino Groover,MILB,9,1,8,0,
2025-08-23,Ian Lewis,MILB,7,2,5,0,
2025-08-23,Isaiah Drake,MILB,9,0,6,3,
2025-08-23,Isaiah Greene,MILB,8,1,6,1,
2025-08-23,Jaden Hill,MLB,39,13,25,1,
2025-08-23,Jamari Baylor,MLB,10,6,4,0,
2025-08-23,Jazz Chisholm,MLB,40,15,16,9,
2025-08-23,Jeremiah Estrada,MLB,40,13,21,6,
2025-08-23,Jordan McCants,MILB,9,3,6,0,
2025-08-23,Logan Allen,Baseball,40,10,24,6,
2025-08-23,Marcus Stroman,MLB,40,5,30,5,
2025-08-23,Mark Vientos,MLB,38,9,24,5,
2025-08-23,Masyn Winn,MLB,40,10,25,5,
2025-08-23,Myles Smith,MILB,9,1,8,0,
2025-08-23,Nick Kahle,MILB,8,5,3,0,
2025-08-23,Niko Goodrum,MLB,40,9,26,5,
2025-08-23,Nick Gordon,MLB,40,6,31,3,
2025-08-23,Robinson Cano,Baseball,40,20,20,0,
2025-08-23,Termarr Johnson,MILB,34,15,17,2,
2025-08-23,TJ McCants,MILB,10,4,5,1,
2025-08-23,Xavier Edwards,MLB,36,6,19,11,
2025-08-23,Zack Showalter,MILB,10,4,6,0,
2025-08-23,Aeneas Peebles,NFL Draft Prospect,10,4,4,2,
2025-08-23,Andrew Thomas,NFL,40,9,22,9,
2025-08-23,Andrew Voorhees,NFL,10,3,3,4,
2025-08-23,Azeez Ojulari,NFL,40,16,19,5,
2025-08-23,Baron Browning,NFL,40,13,26,1,
2025-08-23,Bradley Chubb,NFL,40,11,24,5,
2025-08-23,Brandon Coleman,NFL,40,16,20,4,
2025-08-23,Brandon Jones,NFL,40,26,11,3,
2025-08-23,Carlos Boogie Basham,NFL,20,4,15,1,
2025-08-23,Chris Paul,NFL,39,3,32,4,
2025-08-23,CJ Henderson,NFL,40,10,27,3,
2025-08-23,Clay Webb,NFL Draft Prospect,10,7,0,3,
2025-08-23,Devin Duvernay,NFL,40,6,25,9,
2025-08-23,De'Von Achane,NFL,40,6,10,24,
2025-08-23,Drake London,NFL,40,16,21,3,
2025-08-23,Erik Ezukanma,NFL,38,3,25,10,
2025-08-23,Gabriel Davis,NFL,40,9,27,4,
2025-08-23,Germaine Pratt,NFL,40,10,28,2,
2025-08-23,Isaiah Likely,NFL,40,9,16,15,
2025-08-23,Jaire Alexander,NFL,40,11,23,6,
2025-08-23,Jakorian Bennett,NFL,40,8,25,7,
2025-08-23,Jalen McMillan,NFL,40,3,11,26,
2025-08-23,Jalyn Armour-Davis,NFL,40,8,25,7,
2025-08-23,Jamaree Salyer,NFL,40,8,25,7,
2025-08-23,Jamel Dean,NFL,40,11,19,10,
2025-08-23,Jaylon Jones,NFL,40,9,23,8,
2025-08-23,Jordyn Brooks,NFL,40,14,21,5,
2025-08-23,Josaiah Stewart,NFL Draft Prospect,18,11,5,2,
2025-08-23,Julian Okwara,NFL,40,7,30,3,
2025-08-23,Kevin Winston Jr,NFL Draft Prospect,15,9,5,1,
2025-08-23,Kyler Murray,NFL,40,10,25,5,
2025-08-23,Le'Raven Clark,NFL,40,9,24,7,
2025-08-23,Lewis Cine,NFL,40,10,22,8,
2025-08-23,Louis Rees Zammit,NFL,40,11,26,3,
2025-08-23,Luiji Vilain,NFL,38,4,31,3,
2025-08-23,Marcus Maye,NFL,40,8,23,9,
2025-08-23,Micheal Clemons,NFL,39,7,22,10,
2025-08-23,Michael Pittman Jr,NFL,39,11,19,9,
2025-08-23,Patrick Paul,NFL,40,13,22,5,
2025-08-23,Rashod Bateman,NFL,40,12,25,3,
2025-08-23,Ronnie Stanley,NFL,40,14,22,4,
2025-08-23,Roschon Johnson,NFL,40,9,23,8,
2025-08-23,Sam Ehlinger,NFL,40,8,28,4,
2025-08-23,Savion Williams,NFL Draft Prospect,22,15,5,2,
2025-08-23,Terence Steele,NFL,40,11,18,11,
2025-08-23,Trent Taylor,NFL,39,4,28,7,
2025-08-23,Tyler Higbee,NFL,40,16,13,11,
2025-08-23,Tyler Lacy,NFL,39,5,30,4,
2025-08-23,Tyler Shough,NFL Draft Prospect,40,19,18,3,
2025-08-23,Tyree Wilson,NFL,40,15,23,2,
2025-08-23,Upton Stout,NFL Draft Prospect,10,6,3,1,
2025-08-23,Will Campbell,NFL Draft Prospect,40,21,9,10,
2025-08-23,Za'Darius Smith,NFL,40,21,16,3,
2025-08-23,Zamir White,NFL,40,7,25,8,
2025-08-23,Aphelele Fassi,Rugby,40,14,16,10,
2025-08-23,Ardie Savea,Rugby,40,20,15,5,
2025-08-23,Cheslin Kolbe,Rugby,40,19,13,8,
2025-08-23,Ellis Genge,Rugby,40,8,23,9,
2025-08-23,Jordan Hendrikse,Rugby,40,11,21,8,
2025-08-23,Luyolo Doyi,Rugby,10,6,4,0,
2025-08-23,Marcus Smith,Rugby,40,9,22,9,
2025-08-23,Mamus Rademeyer,Rugby,0,0,0,0,
2025-08-23,Ollie Lawrence,Rugby,40,8,14,18,
2025-08-23,Owam Freempong,Rugby,3,2,1,0,
2025-08-23,Ronald Brown,Rugby,40,16,18,6,
2025-08-23,Siya Kolisi,Rugby,40,11,20,9,
2025-08-23,Tendai Mtawarira,Rugby,40,19,17,4,
2025-08-23,Zukisani Tom,Rugby,8,6,2,0,
2025-08-23,Adem Bona,NBA,40,12,25,3,
2025-08-23,Bennie Boatwright,Basketball,40,19,17,4,
2025-08-23,Buddy Boeheim,NBA,40,11,27,2,
2025-08-23,Chris Boucher,NBA,40,17,23,0,
2025-08-23,Dillon Jones,NBA,40,9,31,0,
2025-08-23,James Young,Basketball,40,7,33,0,
2025-08-23,Jimmy Boeheim,Basketball,40,18,22,0,
2025-08-23,Kevin Porter Jr,NBA,40,9,27,4,
2025-08-23,LaMelo Ball,NBA,40,7,23,10,
2025-08-23,Quincy Guerrier,NBA,40,6,33,1,
2025-08-23,Rickea Jackson,WNBA,40,13,26,1,
2025-08-23,Skylar Diggins-Smith,WNBA,40,13,24,3,
2025-08-23,Allen Griffin,Coach,34,8,25,1,
2025-08-23,Dejan Stanković,Coach,40,15,24,1,
2025-08-23,God Shammgod,Coach,40,24,14,2,
2025-08-23,Hamlet Tibbs,Coach,10,6,4,0,
2025-08-23,Hue Jackson,Coach,40,4,27,9,
2025-08-23,Kliff Kingsbury,Coach,40,12,24,4,
2025-08-23,Rod Strickland,Coach,40,9,25,6,
2025-08-23,Adedire Mebude,Soccer,6,0,4,2,
2025-08-23,Alan Kardec De Souza,Soccer,0,0,0,0,
2025-08-23,Alexandre Cesar Santos Ribeiro,Soccer,0,0,0,0,
2025-08-23,Alfie McNally,Soccer,1,0,1,0,
2025-08-23,Andre Silva,Soccer,40,7,17,16,
2025-08-23,Andre Clovis Silva Filho,Soccer,0,0,0,0,
2025-08-23,Andrew brody,Soccer,39,7,29,3,
2025-08-23,Anthony Fontana,Soccer,29,9,18,2,
2025-08-23,Anselmo Ramon Alves Herculano,Soccer,0,0,0,0,
2025-08-23,Arthur Augusto De Matos Soares,Soccer,2,1,1,0,
2025-08-23,Arthur Zanell Koerich,Soccer,0,0,0,0,
2025-08-23,Axel Uriostegui,Soccer,9,6,2,1,
2025-08-23,Axel Witsel,Soccer,40,11,23,6,
2025-08-23,Aziel Jackson,Soccer,39,16,21,2,
2025-08-23,Billy Gee,Soccer,10,3,6,1,
2025-08-23,Bradley Ibrahim,Soccer,8,2,5,1,
2025-08-23,Brooke Norton-Cuffy,Soccer,21,5,16,0,
2025-08-23,Ciao Leao Do Amaral,Soccer,0,0,0,0,
2025-08-23,Carlos Henrique da Silva Ventura,Soccer,0,0,0,0,
2025-08-23,Cauly Oliveira Souza,Soccer,2,1,0,1,
2025-08-23,Charlie Rosenthal,Soccer,9,5,4,0,
2025-08-23,Chadi Riad,Soccer,37,9,26,2,
2025-08-23,Chris Richards,Soccer,40,18,20,2,
2025-08-23,Christian Dimarco,Soccer,3,1,2,0,
2025-08-23,Conor Lewis,Soccer,3,1,2,0,
2025-08-23,Dakota Watterson,Soccer,10,1,9,0,
2025-08-23,Davi Milhomens Waisman,Soccer,0,0,0,0,
2025-08-23,David Viana De Oliveira,Soccer,0,0,0,0,
2025-08-23,Dayvisson Andre Lima Dos Santos,Soccer,0,0,0,0,
2025-08-23,Deji Elerewe,Soccer,9,3,5,1,
2025-08-23,Diego Esser Pereira,Soccer,0,0,0,0,
2025-08-23,Diogo Leonardo Raposo De Araujo,Soccer,0,0,0,0,
2025-08-23,Douglas dos Santos Justino de Melo,Soccer,0,0,0,0,
2025-08-23,Eduardo De Oliveira Carvalho,Soccer,0,0,0,0,
2025-08-23,Emersonn Correia Da Silva,Soccer,0,0,0,0,
2025-08-23,Endrick Felipe Moreira de Sousa,Soccer,14,2,9,3,
2025-08-23,Ezra Carrington,Soccer,2,1,1,0,
2025-08-23,Fabricio Brunco Soares de Faria,Soccer,0,0,0,0,
2025-08-23,Federico Dimarco,Soccer,40,17,17,6,
2025-08-23,Felipe Felicio Silva Reis,Soccer,0,0,0,0,
2025-08-23,Felipe Vieira Dos Santos Martins,Soccer,0,0,0,0,
2025-08-23,Gabriel Correia Da Silva,Soccer,0,0,0,0,
2025-08-23,Gabriel Teodoro Martinelli Silva,Soccer,9,4,4,1,
2025-08-23,Gabryelo Bica Zaffari D Agustini,Soccer,0,0,0,0,
2025-08-23,Gustavo Henrique Correa,Soccer,0,0,0,0,
2025-08-23,Gustavo Reis De Alcantara,Soccer,0,0,0,0,
2025-08-23,Grayson Doody,Soccer,11,3,8,0,
2025-08-23,Henrique De Souza Trevisan,Soccer,0,0,0,0,
2025-08-23,Igor Toledo E Toledo,Soccer,0,0,0,0,
2025-08-23,Isaiah Parker,Soccer,12,2,10,0,
2025-08-23,Italo Lucas do Nascimento Pereira,Soccer,0,0,0,0,
2025-08-23,Jack Mcglynn,Soccer,40,5,28,7,
2025-08-23,Jackson Teixeira Filho,Soccer,0,0,0,0,
2025-08-23,Jacob Neptune,Soccer,0,0,0,0,
2025-08-23,Jacob Wright,Soccer,33,14,17,2,
2025-08-23,Jadan Raymond,Soccer,9,2,5,2,
2025-08-23,Jadsom Meemyas De Oliveira Da Silva,Soccer,0,0,0,0,
2025-08-23,Jahmari Clarke,Soccer,7,3,3,1,
2025-08-23,Jhuan Nunes Coelho,Soccer,0,0,0,0,
2025-08-23,Joao Henrique Medes Da Silva,Soccer,0,0,0,0,
2025-08-23,Joao Douglas De Sousa Silva,Soccer,0,0,0,0,
2025-08-23,Joao Moreira Sanmartin Souza,Soccer,0,0,0,0,
2025-08-23,Joao Pedro de Moura Siembarski,Soccer,0,0,0,0,
2025-08-23,João Victor Vieira Ferreira Sousa,Soccer,0,0,0,0,
2025-08-23,Joel Gasco,Soccer,0,0,0,0,
2025-08-23,Jojea Kwizera,Soccer,12,3,8,1,
2025-08-23,Jordi Saucedo,Soccer,0,0,0,0,
2025-08-23,Jose Rafael Vivian,Soccer,0,0,0,0,
2025-08-23,Josh Nichols,Soccer,28,8,19,1,
2025-08-23,Justen Glad,Soccer,40,25,11,4,
2025-08-23,Kaiden Wilson,Soccer,10,0,10,0,
2025-08-23,Kauan Do Nascimento Firmo,Soccer,0,0,0,0,
2025-08-23,Kayke Ferrari Guimaraes,Soccer,0,0,0,0,
2025-08-23,Keaton Parks,Soccer,40,12,23,5,
2025-08-23,Keven Vinicius Duarte Silva,Soccer,0,0,0,0,
2025-08-23,Kevin de Bruyne,Soccer,40,12,26,2,
2025-08-23,Kevyn Henrique Monteiro De Souza,Soccer,0,0,0,0,
2025-08-23,Korede Osundina,Soccer,9,2,7,0,
2025-08-23,Lazaro Vinicius Marques,Soccer,4,0,4,0,
2025-08-23,Leonardo Bonatini Lohner Maia,Soccer,0,0,0,0,
2025-08-23,Leonardo de Azevedo Silva,Soccer,0,0,0,0,
2025-08-23,Lewis Orford,Soccer,10,4,6,0,
2025-08-23,Lincoln Henrique-Oliveira dos Santos,Soccer,0,0,0,0,
2025-08-23,Lorran Lucas Pereira De Sousa,Soccer,2,0,2,0,
2025-08-23,Luan Andrey Da Silva Duarte,Soccer,0,0,0,0,
2025-08-23,Luca Fletcher,Soccer,9,5,4,0,
2025-08-23,Lucas Alexandre Galdino de Azevedo,Soccer,1,0,1,0,
2025-08-23,Lucas Evangelista Santana De Oliveira,Soccer,1,0,1,0,
2025-08-23,Lucas Felipe Calegari,Soccer,2,0,2,0,
2025-08-23,Lucas Fernandes da Silva,Soccer,0,0,0,0,
2025-08-23,Lucas Henrique Barbosa,Soccer,2,0,2,0,
2025-08-23,Lucas Pires Silva,Soccer,2,0,2,0,
2025-08-23,Lucas Rosa Gazzotto,Soccer,0,0,0,0,
2025-08-23,Lucas Tolentino Coelho De Lima,Soccer,10,4,4,2,
2025-08-23,Luis Felipe Silva Dos Anjos,Soccer,0,0,0,0,
2025-08-23,Manuel Vila Cabezas,Soccer,0,0,0,0,
2025-08-23,Marcio Vitor Barbosa Da Silva,Soccer,0,0,0,0,
2025-08-23,Marcos Antonio Silva Santos,Soccer,0,0,0,0,
2025-08-23,Marcos Gabriel do Nascimento,Soccer,0,0,0,0,
2025-08-23,Marcus Vinicius Caetano Loureiro,Soccer,0,0,0,0,
2025-08-23,Mateus Da Frada Lustosa,Soccer,0,0,0,0,
2025-08-23,Mateus Dias Lima,Soccer,0,0,0,0,
2025-08-23,Mateus Macena De Almeida Santos,Soccer,0,0,0,0,
2025-08-23,Matheus Dalsasso Dias,Soccer,0,0,0,0,
2025-08-23,Matheus Rossetto,Soccer,23,7,11,5,
2025-08-23,Matt Miazaga,Soccer,2,0,2,0,
2025-08-23,Matt Real,Soccer,29,6,19,4,
2025-08-23,Maycon Vinicius De Lima Galho,Soccer,0,0,0,0,
2025-08-23,Murilo Camargo Dos Santos,Soccer,0,0,0,0,
2025-08-23,Murilo Cerqueira Paim,Soccer,3,1,2,0,
2025-08-23,Nathan Ferguson,Soccer,15,6,7,2,
2025-08-23,Nathan Pinheiro Dantas Benvindo Rosal,Soccer,0,0,0,0,
2025-08-23,Nathan Santos de Araújo,Soccer,1,0,1,0,
2025-08-23,Nkosi Tafari,Soccer,40,6,32,2,
2025-08-23,Olger Escobar,Soccer,36,6,30,0,
2025-08-23,Òscar Masqué García,Soccer,0,0,0,0,
2025-08-23,Oscar Torrellas,Soccer,0,0,0,0,
2025-08-23,Otavio Goncalves De Oliveira,Soccer,0,0,0,0,
2025-08-23,Paulo Otavio Rosa Silva,Soccer,0,0,0,0,
2025-08-23,Pedro Henrique Da Silva Barbosa,Soccer,0,0,0,0,
2025-08-23,Pedro Henrique De Oliveira Correia,Soccer,0,0,0,0,
2025-08-23,Pedro Henrique Pereora da Silva,Soccer,0,0,0,0,
2025-08-23,Pedro Julio De Andrade Santos,Soccer,0,0,0,0,
2025-08-23,Rafael Barbosa Coutinho,Soccer,0,0,0,0,
2025-08-23,Renato Marques de Oliveira Junior,Soccer,0,0,0,0,
2025-08-23,Ricardo Cerqueira Da Silva,Soccer,0,0,0,0,
2025-08-23,Robert De Souza Ferreira Dias,Soccer,0,0,0,0,
2025-08-23,Ruan Lucas De Assis,Soccer,0,0,0,0,
2025-08-23,Rubens Antonio Dias,Soccer,0,0,0,0,
2025-08-23,Ryan Medina Da Silva,Soccer,0,0,0,0,
2025-08-23,Samuel Alves Barroso,Soccer,0,0,0,0,
2025-08-23,Samuel Lusale,Soccer,10,7,3,0,
2025-08-23,Seth Chingwaro,Soccer,10,4,6,0,
2025-08-23,Theo Adelusi,Soccer,5,2,3,0,
2025-08-23,Thierry Rohart-Brown,Soccer,5,3,2,0,
2025-08-23,Tim Parker,Soccer,38,10,28,0,
2025-08-23,Tucker Lepley,Soccer,26,10,13,3,
2025-08-23,Tyreece John-Jules,Soccer,10,2,8,0,
2025-08-23,Victor Hugo Gomes Silva,Soccer,1,1,0,0,
2025-08-23,Victor Marcelo Mendes de Santana,Soccer,0,0,0,0,
2025-08-23,Vinicius Jose Paixao de Oliveira Junior,Soccer,15,5,5,5,
2025-08-23,Vonnte Williams,Soccer,4,3,1,0,
2025-08-23,Vitor Carvalho,Soccer,5,0,5,0,
2025-08-23,Vitor Dos Santos Figueiredo,Soccer,0,0,0,0,
2025-08-23,Vitor Tormena de Farias,Soccer,0,0,0,0,
2025-08-23,Weverson Moreira da Costa,Soccer,0,0,0,0,
2025-08-23,Xavier Amaechi,Soccer,10,2,8,0,
2025-08-23,Yann Neves Siqueira,Soccer,0,0,0,0,
2025-08-23,Ykaro Toledo E Toledo,Soccer,0,0,0,0,
2025-08-23,Zach Marsh,Soccer,8,2,5,1,
2025-08-23,Adia Victoria,singer,40,5,30,5,
2025-08-23,Alicia Keys,singer,40,21,16,3,
2025-08-23,A$AP Ferg,ASAP Ferg,40,7,27,6,
2025-08-23,A$AP ROCKY,ASAP ROCKY,39,10,24,5,
2025-08-23,Benny The Butcher,rapper,40,12,24,4,
2025-08-23,Bohnes,Alexander DeLeon,14,4,10,0,
2025-08-23,Christina Aguilera,singer,40,13,25,2,
2025-08-23,Corinne Bailey Rae,singer,40,7,23,10,
2025-08-23,DJ Khaled,record producer,40,15,22,3,
2025-08-23,Ezinma,violinist,21,10,9,2,
2025-08-23,Fat Joe,rapper,40,5,12,23,
2025-08-23,J Balvin,singer,40,10,26,4,
2025-08-23,Jadakiss,rapper,40,13,20,7,
2025-08-23,Jess Glynne,singer,40,16,18,6,
2025-08-23,Kate Peytavin,singer,6,3,2,1,
2025-08-23,Lil Uzi Vert,rapper,40,10,17,13,
2025-08-23,Lous and the Yakuza,singer,29,6,21,2,
2025-08-23,Megan Thee Stallion,rapper,40,12,20,8,
2025-08-23,Moneybagg Yo,rapper,40,11,25,4,
2025-08-23,DJ Mustard,record producer,18,7,8,3,
2025-08-23,Nipsey Hussle,rapper,40,11,18,11,
2025-08-23,Rihanna,singer,40,10,21,9,
2025-08-23,Robin Thicke,singer,40,15,17,8,
2025-08-23,The LOX,hip hop group,40,16,18,6,
2025-08-23,Tinashe,singer,40,10,18,12,
2025-08-23,Yo Gotti,rapper,40,3,14,23,
2025-08-23,Bodega Flee,DJ,3,0,3,0,
2025-08-23,DJ Camilo,radio personality,2,1,1,0,
2025-08-23,Angie Martinez,radio personality,40,7,29,4,
2025-08-23,Van Jones,media personality,11,3,6,2,
2025-08-23,Fred Ball,record producer,6,1,4,1,
2025-08-23,Big Sean,rapper,40,19,17,4,
2025-08-23,DJ LYAN,music producer,8,2,5,1,
2025-08-23,Madison Bailey,actress,40,14,20,6,
2025-08-23,Myke Towers,rapper,40,10,26,4,
2025-08-23,Desiree Perez,Roc Nation,40,7,10,23,
2025-08-23,Jay-Z,rapper,40,14,10,16,
2025-08-24,Andrew Dutkanych,MILB,3,0,2,1,None
2025-08-24,Antonio Anderson,MILB,15,4,8,3,None
2025-08-24,Braden Montgomery,MILB,35,22,13,0,None
2025-08-24,Christian Little,MILB,8,4,0,4,None
2025-08-24,Christopher Suero,MILB,10,2,7,1,None
2025-08-24,CJ Abrams,MLB,39,5,29,5,None
2025-08-24,Dominic Johnson,MILB,0,0,0,0,None
2025-08-24,Dominic Smith,MLB,40,12,22,6,None
2025-08-24,Ed Howard,MILB,8,2,6,0,None
2025-08-24,Gino Groover,MILB,9,1,8,0,None
2025-08-24,Ian Lewis,MILB,7,2,5,0,None
2025-08-24,Isaiah Drake,MILB,9,1,5,3,None
2025-08-24,Isaiah Greene,MILB,8,1,6,1,None
2025-08-24,Jaden Hill,MLB,38,11,25,2,None
2025-08-24,Jamari Baylor,MLB,10,6,4,0,None
2025-08-24,Jazz Chisholm,MLB,40,15,16,9,None
2025-08-24,Jeremiah Estrada,MLB,40,13,21,6,None
2025-08-24,Jordan McCants,MILB,9,3,6,0,None
2025-08-24,Logan Allen,Baseball,40,11,23,6,None
2025-08-24,Marcus Stroman,MLB,40,5,30,5,None
2025-08-24,Mark Vientos,MLB,38,13,21,4,None
2025-08-24,Masyn Winn,MLB,40,10,27,3,None
2025-08-24,Myles Smith,MILB,10,1,9,0,None
2025-08-24,Nick Kahle,MILB,8,5,3,0,None
2025-08-24,Niko Goodrum,MLB,40,8,27,5,None
2025-08-24,Nick Gordon,MLB,40,6,32,2,None
2025-08-24,Robinson Cano,Baseball,40,19,21,0,None
2025-08-24,Termarr Johnson,MILB,33,14,18,1,None
2025-08-24,TJ McCants,MILB,10,3,5,2,None
2025-08-24,Xavier Edwards,MLB,35,7,21,7,None
2025-08-24,Zack Showalter,MILB,9,4,5,0,None
2025-08-24,Aeneas Peebles,NFL Draft Prospect,10,4,4,2,None
2025-08-24,Andrew Thomas,NFL,40,10,21,9,None
2025-08-24,Andrew Voorhees,NFL,10,3,3,4,None
2025-08-24,Azeez Ojulari,NFL,40,16,19,5,None
2025-08-24,Baron Browning,NFL,40,13,26,1,None
2025-08-24,Bradley Chubb,NFL,40,11,24,5,None
2025-08-24,Brandon Coleman,NFL,40,16,19,5,None
2025-08-24,Brandon Jones,NFL,40,26,11,3,None
2025-08-24,Carlos Boogie Basham,NFL,19,3,15,1,None
2025-08-24,Chris Paul,NFL,39,4,32,3,None
2025-08-24,CJ Henderson,NFL,40,9,28,3,None
2025-08-24,Clay Webb,NFL Draft Prospect,10,7,0,3,None
2025-08-24,Devin Duvernay,NFL,40,6,27,7,None
2025-08-24,De'Von Achane,NFL,40,5,9,26,None
2025-08-24,Drake London,NFL,40,13,23,4,None
2025-08-24,Erik Ezukanma,NFL,38,4,25,9,None
2025-08-24,Gabriel Davis,NFL,40,10,26,4,None
2025-08-24,Germaine Pratt,NFL,40,9,29,2,None
2025-08-24,Isaiah Likely,NFL,40,9,16,15,None
2025-08-24,Jaire Alexander,NFL,40,12,22,6,None
2025-08-24,Jakorian Bennett,NFL,40,8,27,5,None
2025-08-24,Jalen McMillan,NFL,40,4,10,26,None
2025-08-24,Jalyn Armour-Davis,NFL,40,8,25,7,None
2025-08-24,Jamaree Salyer,NFL,40,8,24,8,None
2025-08-24,Jamel Dean,NFL,40,10,19,11,None
2025-08-24,Jaylon Jones,NFL,40,9,22,9,None
2025-08-24,Jordyn Brooks,NFL,40,14,20,6,None
2025-08-24,Josaiah Stewart,NFL Draft Prospect,17,10,5,2,None
2025-08-24,Julian Okwara,NFL,40,7,31,2,None
2025-08-24,Kevin Winston Jr,NFL Draft Prospect,14,8,5,1,None
2025-08-24,Kyler Murray,NFL,40,10,26,4,None
2025-08-24,Le'Raven Clark,NFL,39,9,23,7,None
2025-08-24,Lewis Cine,NFL,40,9,23,8,None
2025-08-24,Louis Rees Zammit,NFL,39,9,26,4,None
2025-08-24,Luiji Vilain,NFL,40,3,34,3,None
2025-08-24,Marcus Maye,NFL,40,10,21,9,None
2025-08-24,Micheal Clemons,NFL,40,7,24,9,None
2025-08-24,Michael Pittman Jr,NFL,39,10,19,10,None
2025-08-24,Patrick Paul,NFL,40,13,21,6,None
2025-08-24,Rashod Bateman,NFL,40,13,24,3,None
2025-08-24,Ronnie Stanley,NFL,40,12,24,4,None
2025-08-24,Roschon Johnson,NFL,40,9,23,8,None
2025-08-24,Sam Ehlinger,NFL,40,9,28,3,None
2025-08-24,Savion Williams,NFL Draft Prospect,20,14,3,3,None
2025-08-24,Terence Steele,NFL,40,11,19,10,None
2025-08-24,Trent Taylor,NFL,39,6,26,7,None
2025-08-24,Tyler Higbee,NFL,40,16,13,11,None
2025-08-24,Tyler Lacy,NFL,39,4,30,5,None
2025-08-24,Tyler Shough,NFL Draft Prospect,40,18,18,4,None
2025-08-24,Tyree Wilson,NFL,40,18,22,0,None
2025-08-24,Upton Stout,NFL Draft Prospect,10,7,3,0,None
2025-08-24,Will Campbell,NFL Draft Prospect,40,21,9,10,None
2025-08-24,Za'Darius Smith,NFL,40,21,16,3,None
2025-08-24,Zamir White,NFL,40,7,25,8,None
2025-08-24,Aphelele Fassi,Rugby,40,15,16,9,None
2025-08-24,Ardie Savea,Rugby,40,19,15,6,None
2025-08-24,Cheslin Kolbe,Rugby,40,18,13,9,None
2025-08-24,Ellis Genge,Rugby,40,9,23,8,None
2025-08-24,Jordan Hendrikse,Rugby,40,12,20,8,None
2025-08-24,Luyolo Doyi,Rugby,10,6,4,0,None
2025-08-24,Marcus Smith,Rugby,40,8,23,9,None
2025-08-24,Mamus Rademeyer,Rugby,0,0,0,0,None
2025-08-24,Ollie Lawrence,Rugby,40,8,13,19,None
2025-08-24,Owam Freempong,Rugby,3,2,1,0,None
2025-08-24,Ronald Brown,Rugby,40,15,20,5,None
2025-08-24,Siya Kolisi,Rugby,40,12,19,9,None
2025-08-24,Tendai Mtawarira,Rugby,40,19,17,4,None
2025-08-24,Zukisani Tom,Rugby,7,5,2,0,None
2025-08-24,Adem Bona,NBA,40,13,24,3,None
2025-08-24,Bennie Boatwright,Basketball,36,17,16,3,None
2025-08-24,Buddy Boeheim,NBA,40,11,27,2,None
2025-08-24,Chris Boucher,NBA,40,17,22,1,None
2025-08-24,Dillon Jones,NBA,40,9,31,0,None
2025-08-24,James Young,Basketball,40,8,32,0,None
2025-08-24,Jimmy Boeheim,Basketball,40,20,20,0,None
2025-08-24,Kevin Porter Jr,NBA,40,9,27,4,None
2025-08-24,LaMelo Ball,NBA,40,8,25,7,None
2025-08-24,Quincy Guerrier,NBA,33,5,28,0,None
2025-08-24,Rickea Jackson,WNBA,40,13,26,1,None
2025-08-24,Skylar Diggins-Smith,WNBA,40,12,25,3,None
2025-08-24,Allen Griffin,Coach,34,9,24,1,None
2025-08-24,Dejan Stanković,Coach,40,15,23,2,None
2025-08-24,God Shammgod,Coach,40,24,14,2,None
2025-08-24,Hamlet Tibbs,Coach,10,6,4,0,None
2025-08-24,Hue Jackson,Coach,40,6,24,10,None
2025-08-24,Kliff Kingsbury,Coach,40,11,24,5,None
2025-08-24,Rod Strickland,Coach,40,8,25,7,None
2025-08-24,Adedire Mebude,Soccer,6,0,4,2,None
2025-08-24,Alan Kardec De Souza,Soccer,0,0,0,0,None
2025-08-24,Alexandre Cesar Santos Ribeiro,Soccer,0,0,0,0,None
2025-08-24,Alfie McNally,Soccer,1,0,1,0,None
2025-08-24,Andre Silva,Soccer,40,7,16,17,None
2025-08-24,Andre Clovis Silva Filho,Soccer,0,0,0,0,None
2025-08-24,Andrew brody,Soccer,40,8,29,3,None
2025-08-24,Anthony Fontana,Soccer,28,9,18,1,None
2025-08-24,Anselmo Ramon Alves Herculano,Soccer,0,0,0,0,None
2025-08-24,Arthur Augusto De Matos Soares,Soccer,2,1,1,0,None
2025-08-24,Arthur Zanell Koerich,Soccer,0,0,0,0,None
2025-08-24,Axel Uriostegui,Soccer,9,5,3,1,None
2025-08-24,Axel Witsel,Soccer,36,10,19,7,None
2025-08-24,Aziel Jackson,Soccer,39,16,21,2,None
2025-08-24,Billy Gee,Soccer,10,3,6,1,None
2025-08-24,Bradley Ibrahim,Soccer,9,2,6,1,None
2025-08-24,Brooke Norton-Cuffy,Soccer,24,6,18,0,None
2025-08-24,Ciao Leao Do Amaral,Soccer,0,0,0,0,None
2025-08-24,Carlos Henrique da Silva Ventura,Soccer,0,0,0,0,None
2025-08-24,Cauly Oliveira Souza,Soccer,2,1,0,1,None
2025-08-24,Charlie Rosenthal,Soccer,9,5,4,0,None
2025-08-24,Chadi Riad,Soccer,36,9,24,3,None
2025-08-24,Chris Richards,Soccer,40,18,20,2,None
2025-08-24,Christian Dimarco,Soccer,3,1,2,0,None
2025-08-24,Conor Lewis,Soccer,3,1,2,0,None
2025-08-24,Dakota Watterson,Soccer,10,1,9,0,None
2025-08-24,Davi Milhomens Waisman,Soccer,0,0,0,0,None
2025-08-24,David Viana De Oliveira,Soccer,0,0,0,0,None
2025-08-24,Dayvisson Andre Lima Dos Santos,Soccer,0,0,0,0,None
2025-08-24,Deji Elerewe,Soccer,9,3,5,1,None
2025-08-24,Diego Esser Pereira,Soccer,0,0,0,0,None
2025-08-24,Diogo Leonardo Raposo De Araujo,Soccer,0,0,0,0,None
2025-08-24,Douglas dos Santos Justino de Melo,Soccer,0,0,0,0,None
2025-08-24,Eduardo De Oliveira Carvalho,Soccer,0,0,0,0,None
2025-08-24,Emersonn Correia Da Silva,Soccer,0,0,0,0,None
2025-08-24,Endrick Felipe Moreira de Sousa,Soccer,13,1,9,3,None
2025-08-24,Ezra Carrington,Soccer,2,1,1,0,None
2025-08-24,Fabricio Brunco Soares de Faria,Soccer,0,0,0,0,None
2025-08-24,Federico Dimarco,Soccer,40,16,16,8,None
2025-08-24,Felipe Felicio Silva Reis,Soccer,0,0,0,0,None
2025-08-24,Felipe Vieira Dos Santos Martins,Soccer,0,0,0,0,None
2025-08-24,Gabriel Correia Da Silva,Soccer,0,0,0,0,None
2025-08-24,Gabriel Teodoro Martinelli Silva,Soccer,6,4,2,0,None
2025-08-24,Gabryelo Bica Zaffari D Agustini,Soccer,0,0,0,0,None
2025-08-24,Gustavo Henrique Correa,Soccer,0,0,0,0,None
2025-08-24,Gustavo Reis De Alcantara,Soccer,0,0,0,0,None
2025-08-24,Grayson Doody,Soccer,11,3,8,0,None
2025-08-24,Henrique De Souza Trevisan,Soccer,0,0,0,0,None
2025-08-24,Igor Toledo E Toledo,Soccer,0,0,0,0,None
2025-08-24,Isaiah Parker,Soccer,12,3,9,0,None
2025-08-24,Italo Lucas do Nascimento Pereira,Soccer,0,0,0,0,None
2025-08-24,Jack Mcglynn,Soccer,40,6,29,5,None
2025-08-24,Jackson Teixeira Filho,Soccer,0,0,0,0,None
2025-08-24,Jacob Neptune,Soccer,0,0,0,0,None
2025-08-24,Jacob Wright,Soccer,33,13,18,2,None
2025-08-24,Jadan Raymond,Soccer,9,2,5,2,None
2025-08-24,Jadsom Meemyas De Oliveira Da Silva,Soccer,0,0,0,0,None
2025-08-24,Jahmari Clarke,Soccer,7,3,3,1,None
2025-08-24,Jhuan Nunes Coelho,Soccer,0,0,0,0,None
2025-08-24,Joao Henrique Medes Da Silva,Soccer,0,0,0,0,None
2025-08-24,Joao Douglas De Sousa Silva,Soccer,0,0,0,0,None
2025-08-24,Joao Moreira Sanmartin Souza,Soccer,0,0,0,0,None
2025-08-24,Joao Pedro de Moura Siembarski,Soccer,0,0,0,0,None
2025-08-24,João Victor Vieira Ferreira Sousa,Soccer,0,0,0,0,None
2025-08-24,Joel Gasco,Soccer,0,0,0,0,None
2025-08-24,Jojea Kwizera,Soccer,11,3,7,1,None
2025-08-24,Jordi Saucedo,Soccer,0,0,0,0,None
2025-08-24,Jose Rafael Vivian,Soccer,0,0,0,0,None
2025-08-24,Josh Nichols,Soccer,29,9,18,2,None
2025-08-24,Justen Glad,Soccer,38,26,8,4,None
2025-08-24,Kaiden Wilson,Soccer,10,0,10,0,None
2025-08-24,Kauan Do Nascimento Firmo,Soccer,0,0,0,0,None
2025-08-24,Kayke Ferrari Guimaraes,Soccer,0,0,0,0,None
2025-08-24,Keaton Parks,Soccer,40,12,23,5,None
2025-08-24,Keven Vinicius Duarte Silva,Soccer,0,0,0,0,None
2025-08-24,Kevin de Bruyne,Soccer,40,15,22,3,None
2025-08-24,Kevyn Henrique Monteiro De Souza,Soccer,0,0,0,0,None
2025-08-24,Korede Osundina,Soccer,10,2,8,0,None
2025-08-24,Lazaro Vinicius Marques,Soccer,5,0,5,0,None
2025-08-24,Leonardo Bonatini Lohner Maia,Soccer,0,0,0,0,None
2025-08-24,Leonardo de Azevedo Silva,Soccer,0,0,0,0,None
2025-08-24,Lewis Orford,Soccer,11,5,6,0,None
2025-08-24,Lincoln Henrique-Oliveira dos Santos,Soccer,0,0,0,0,None
2025-08-24,Lorran Lucas Pereira De Sousa,Soccer,2,0,2,0,None
2025-08-24,Luan Andrey Da Silva Duarte,Soccer,0,0,0,0,None
2025-08-24,Luca Fletcher,Soccer,8,4,4,0,None
2025-08-24,Lucas Alexandre Galdino de Azevedo,Soccer,1,0,1,0,None
2025-08-24,Lucas Evangelista Santana De Oliveira,Soccer,1,0,1,0,None
2025-08-24,Lucas Felipe Calegari,Soccer,2,0,2,0,None
2025-08-24,Lucas Fernandes da Silva,Soccer,0,0,0,0,None
2025-08-24,Lucas Henrique Barbosa,Soccer,2,0,2,0,None
2025-08-24,Lucas Pires Silva,Soccer,2,0,2,0,None
2025-08-24,Lucas Rosa Gazzotto,Soccer,0,0,0,0,None
2025-08-24,Lucas Tolentino Coelho De Lima,Soccer,10,4,3,3,None
2025-08-24,Luis Felipe Silva Dos Anjos,Soccer,0,0,0,0,None
2025-08-24,Manuel Vila Cabezas,Soccer,0,0,0,0,None
2025-08-24,Marcio Vitor Barbosa Da Silva,Soccer,0,0,0,0,None
2025-08-24,Marcos Antonio Silva Santos,Soccer,0,0,0,0,None
2025-08-24,Marcos Gabriel do Nascimento,Soccer,0,0,0,0,None
2025-08-24,Marcus Vinicius Caetano Loureiro,Soccer,0,0,0,0,None
2025-08-24,Mateus Da Frada Lustosa,Soccer,0,0,0,0,None
2025-08-24,Mateus Dias Lima,Soccer,0,0,0,0,None
2025-08-24,Mateus Macena De Almeida Santos,Soccer,0,0,0,0,None
2025-08-24,Matheus Dalsasso Dias,Soccer,0,0,0,0,None
2025-08-24,Matheus Rossetto,Soccer,22,7,11,4,None
2025-08-24,Matt Miazaga,Soccer,2,0,2,0,None
2025-08-24,Matt Real,Soccer,27,5,18,4,None
2025-08-24,Maycon Vinicius De Lima Galho,Soccer,0,0,0,0,None
2025-08-24,Murilo Camargo Dos Santos,Soccer,0,0,0,0,None
2025-08-24,Murilo Cerqueira Paim,Soccer,3,1,2,0,None
2025-08-24,Nathan Ferguson,Soccer,16,6,7,3,None
2025-08-24,Nathan Pinheiro Dantas Benvindo Rosal,Soccer,0,0,0,0,None
2025-08-24,Nathan Santos de Araújo,Soccer,1,0,1,0,None
2025-08-24,Nkosi Tafari,Soccer,39,8,30,1,None
2025-08-24,Olger Escobar,Soccer,39,5,34,0,None
2025-08-24,Òscar Masqué García,Soccer,0,0,0,0,None
2025-08-24,Oscar Torrellas,Soccer,0,0,0,0,None
2025-08-24,Otavio Goncalves De Oliveira,Soccer,0,0,0,0,None
2025-08-24,Paulo Otavio Rosa Silva,Soccer,0,0,0,0,None
2025-08-24,Pedro Henrique Da Silva Barbosa,Soccer,0,0,0,0,None
2025-08-24,Pedro Henrique De Oliveira Correia,Soccer,0,0,0,0,None
2025-08-24,Pedro Henrique Pereora da Silva,Soccer,0,0,0,0,None
2025-08-24,Pedro Julio De Andrade Santos,Soccer,0,0,0,0,None
2025-08-24,Rafael Barbosa Coutinho,Soccer,0,0,0,0,None
2025-08-24,Renato Marques de Oliveira Junior,Soccer,0,0,0,0,None
2025-08-24,Ricardo Cerqueira Da Silva,Soccer,0,0,0,0,None
2025-08-24,Robert De Souza Ferreira Dias,Soccer,0,0,0,0,None
2025-08-24,Ruan Lucas De Assis,Soccer,0,0,0,0,None
2025-08-24,Rubens Antonio Dias,Soccer,0,0,0,0,None
2025-08-24,Ryan Medina Da Silva,Soccer,0,0,0,0,None
2025-08-24,Samuel Alves Barroso,Soccer,0,0,0,0,None
2025-08-24,Samuel Lusale,Soccer,10,7,3,0,None
2025-08-24,Seth Chingwaro,Soccer,10,4,6,0,None
2025-08-24,Theo Adelusi,Soccer,5,2,3,0,None
2025-08-24,Thierry Rohart-Brown,Soccer,5,3,2,0,None
2025-08-24,Tim Parker,Soccer,40,10,28,2,None
2025-08-24,Tucker Lepley,Soccer,26,10,14,2,None
2025-08-24,Tyreece John-Jules,Soccer,9,2,7,0,None
2025-08-24,Victor Hugo Gomes Silva,Soccer,1,1,0,0,None
2025-08-24,Victor Marcelo Mendes de Santana,Soccer,0,0,0,0,None
2025-08-24,Vinicius Jose Paixao de Oliveira Junior,Soccer,14,6,5,3,None
2025-08-24,Vonnte Williams,Soccer,4,3,1,0,None
2025-08-24,Vitor Carvalho,Soccer,6,0,5,1,None
2025-08-24,Vitor Dos Santos Figueiredo,Soccer,0,0,0,0,None
2025-08-24,Vitor Tormena de Farias,Soccer,0,0,0,0,None
2025-08-24,Weverson Moreira da Costa,Soccer,0,0,0,0,None
2025-08-24,Xavier Amaechi,Soccer,10,2,8,0,None
2025-08-24,Yann Neves Siqueira,Soccer,0,0,0,0,None
2025-08-24,Ykaro Toledo E Toledo,Soccer,0,0,0,0,None
2025-08-24,Zach Marsh,Soccer,7,2,5,0,None
2025-08-24,Adia Victoria,singer,40,5,30,5,None
2025-08-24,Alicia Keys,singer,40,18,18,4,None
2025-08-24,A$AP Ferg,ASAP Ferg,40,10,23,7,None
2025-08-24,A$AP ROCKY,ASAP ROCKY,40,11,24,5,None
2025-08-24,Benny The Butcher,rapper,40,12,23,5,None
2025-08-24,Bohnes,Alexander DeLeon,14,4,10,0,None
2025-08-24,Christina Aguilera,singer,40,14,24,2,None
2025-08-24,Corinne Bailey Rae,singer,40,7,23,10,None
2025-08-24,DJ Khaled,record producer,40,14,22,4,None
2025-08-24,Ezinma,violinist,21,10,9,2,None
2025-08-24,Fat Joe,rapper,40,4,14,22,None
2025-08-24,J Balvin,singer,40,9,26,5,None
2025-08-24,Jadakiss,rapper,40,14,19,7,None
2025-08-24,Jess Glynne,singer,40,17,19,4,None
2025-08-24,Kate Peytavin,singer,5,3,1,1,None
2025-08-24,Lil Uzi Vert,rapper,40,10,17,13,None
2025-08-24,Lous and the Yakuza,singer,30,6,22,2,None
2025-08-24,Megan Thee Stallion,rapper,40,11,20,9,None
2025-08-24,Moneybagg Yo,rapper,40,10,26,4,None
2025-08-24,DJ Mustard,record producer,19,8,8,3,None
2025-08-24,Nipsey Hussle,rapper,40,10,17,13,None
2025-08-24,Rihanna,singer,40,12,18,10,None
2025-08-24,Robin Thicke,singer,40,15,18,7,None
2025-08-24,The LOX,hip hop group,40,17,18,5,None
2025-08-24,Tinashe,singer,40,10,17,13,None
2025-08-24,Yo Gotti,rapper,40,4,16,20,None
2025-08-24,Bodega Flee,DJ,3,0,3,0,None
2025-08-24,DJ Camilo,radio personality,2,1,1,0,None
2025-08-24,Angie Martinez,radio personality,40,7,29,4,None
2025-08-24,Van Jones,media personality,12,3,7,2,None
2025-08-24,Fred Ball,record producer,6,1,4,1,None
2025-08-24,Big Sean,rapper,40,19,15,6,None
2025-08-24,DJ LYAN,music producer,8,2,5,1,None
2025-08-24,Madison Bailey,actress,40,12,21,7,None
2025-08-24,Myke Towers,rapper,40,9,27,4,None
2025-08-24,Desiree Perez,Roc Nation,40,7,10,23,None
2025-08-24,Jay-Z,rapper,40,16,9,15,None
