date,brand,company,positive,neutral,negative,total,theme
2025-08-16,Douglas McMillon,Walmart,11,20,9,40,
2025-08-16,Andrew Jassy,Amazon,6,28,6,40,
2025-08-16,Stephen Hemsley,UnitedHealth,8,25,7,40,
2025-08-16,Tim Cook,Apple,18,22,0,40,
2025-08-16,David Joyner,CVS Health,7,29,4,40,
2025-08-16,Warren Buffett,Berkshire Hathaway,12,25,3,40,
2025-08-16,Sundar Pichai,Alphabet,18,17,5,40,
2025-08-16,Darren Woods,Exxon Mobil,13,20,6,39,
2025-08-16,Brian Tyler,McKesson,4,14,4,22,
2025-08-16,Robert Mauch,Cencora,5,5,0,10,
2025-08-16,James Dimon,JPMorgan Chase,9,19,9,37,
2025-08-16,Ron Vachris,Costco,5,33,2,40,
2025-08-16,David Cordani,Cigna,21,17,2,40,
2025-08-16,Satya Nadella,Microsoft,10,20,10,40,
2025-08-16,Jason Hollar,Cardinal Health,13,22,5,40,
2025-08-16,Michael Wirth,Chevron,13,20,7,40,
2025-08-16,Brian Moynihan,Bank of America,3,27,10,40,
2025-08-16,Mary Barra,General Motors,11,25,4,40,
2025-08-16,James Farley Jr.,Ford Motor,1,4,3,8,
2025-08-16,Gail Boudreaux,Elevance Health,15,18,7,40,
2025-08-16,Jane Fraser,Citi,12,22,6,40,
2025-08-16,Mark Zuckerberg,Meta,14,20,6,40,
2025-08-16,Sarah London,Centene,12,20,8,40,
2025-08-16,Edward Decker,Home Depot,5,5,1,11,
2025-08-16,Priscilla Almodovar,Fannie Mae,10,16,13,39,
2025-08-16,Tim Wentworth,Walgreens,7,22,10,39,
2025-08-16,Ronald Sargent,Kroger,2,14,20,36,
2025-08-16,Mark Lashier,Phillips 66,9,20,9,38,
2025-08-16,Maryann Mannen,Marathon Petroleum,6,14,1,21,
2025-08-16,Hans Vestberg,Verizon,17,19,4,40,
2025-08-16,Jensen Huang,Nvidia,17,17,6,40,
2025-08-16,David Solomon,Goldman Sachs,2,18,19,39,
2025-08-16,Charles Scharf,Wells Fargo,29,7,4,40,
2025-08-16,Lane Riggs,Valero Energy,13,8,0,21,
2025-08-16,Brian Roberts,Comcast,10,28,2,40,
2025-08-16,Jon Farney,State Farm,10,27,3,40,
2025-08-16,John Stankey,AT&T,10,24,6,40,
2025-08-16,Michael Hutchins,Freddie Mac,3,11,4,18,
2025-08-16,James Rechtin,Humana,4,3,0,7,
2025-08-16,Edward Pick,Morgan Stanley,6,2,2,10,
2025-08-16,Brian Cornell,Target,7,21,12,40,
2025-08-16,Philip Smith,StoneX,0,9,1,10,
2025-08-16,Elon Musk,Tesla,14,18,8,40,
2025-08-16,Michael Dell,Dell Technologies,11,26,3,40,
2025-08-16,Ramon Laguarta,PepsiCo,8,28,4,40,
2025-08-16,Robert Iger,Walt Disney,13,24,3,40,
2025-08-16,Carol Tomé,UPS,8,21,11,40,
2025-08-16,Joaquin Duato,Johnson & Johnson,8,27,5,40,
2025-08-16,Rajesh Subramaniam,FedEx,10,23,0,33,
2025-08-16,Juan Luciano,Archer Daniels Midland,3,20,17,40,
2025-08-16,Jon Moeller,Procter & Gamble,6,31,3,40,
2025-08-16,Marvin Ellison,Lowe's,15,19,6,40,
2025-08-16,Thomas Long,Energy Transfer,9,0,1,10,
2025-08-16,Christopher Calio,RTX,6,10,0,16,
2025-08-16,Susan Morris,Albertsons,9,27,4,40,
2025-08-16,Kevin Hourican,Sysco,10,27,3,40,
2025-08-16,Susan Patricia Griffith,Progressive,4,2,0,6,
2025-08-16,Stephen Squeri,American Express,14,24,2,40,
2025-08-16,James Taiclet,Lockheed Martin,11,18,11,40,
2025-08-16,Michel Khalaf,MetLife,11,17,0,28,
2025-08-16,Samuel Hazen,HCA Healthcare,8,5,0,13,
2025-08-16,Andrew Sullivan,Prudential Financial,13,23,0,36,
2025-08-16,Robert Ortberg,Boeing,4,7,2,13,
2025-08-16,Jospeh Creed,Caterpillar,0,0,0,0,
2025-08-16,Robert Davis,Merck,6,24,10,40,
2025-08-16,Thomas Wilson,Allstate,9,10,3,22,
2025-08-16,Albert Bourla,Pfizer,21,12,7,40,
2025-08-16,Arvind Krishna,IBM,14,20,6,40,
2025-08-16,Craig DeSanto,New York Life Insurance,3,15,0,18,
2025-08-16,Edward Bastian,Delta Airlines,1,8,1,10,
2025-08-16,Kevin Murphy,Ferguson,8,28,4,40,
2025-08-16,Kirt Walker,Nationwide,15,18,2,35,
2025-08-16,Patrick Zammit,TD Synnex,9,16,0,25,
2025-08-16,Scott Kirby,United Airlines,32,5,3,40,
2025-08-16,Ryan Lance,ConocoPhillips,17,19,4,40,
2025-08-16,Ernie Herrman,TJX,17,22,1,40,
2025-08-16,Robert Michael,AbbVie,6,27,2,35,
2025-08-16,James Teague,Enterprise Products Partners,2,5,2,9,
2025-08-16,Christopher Winfrey,Charter Communications,5,14,5,24,
2025-08-16,George Holm,Performance Food,11,22,2,35,
2025-08-16,Robert Isom,American Airlines,6,26,8,40,
2025-08-16,Richard Fairbank,Capital One,14,22,4,40,
2025-08-16,Charles Robbins,Cisco Systems,3,5,1,9,
2025-08-16,Enrique Lores,HP,12,23,5,40,
2025-08-16,Donnie King,Tyson Foods,12,23,5,40,
2025-08-16,Lip-Bu Tan,Intel,11,23,6,40,
2025-08-16,Safra Catz,Oracle,12,20,8,40,
2025-08-16,Hock Tan,Broadcom,13,23,4,40,
2025-08-16,John May,Deere,9,27,4,40,
2025-08-16,Elliott Hill,Nike,12,23,5,40,
2025-08-16,Timothy Sweeney,Liberty Mutual Insurance,9,0,0,9,
2025-08-16,Wilfred Chiang,Plains GP,0,1,0,1,
2025-08-16,Juan Andrade,USAA,5,16,0,21,
2025-08-16,Christopher Boerner,Bristol-Myers Squibb,9,28,3,40,
2025-08-16,Paul Bay,Ingram Micro,10,25,5,40,
2025-08-16,Phebe Novakovic,General Dynamics,27,9,4,40,
2025-08-16,James Quincey,Coca-Cola,9,28,3,40,
2025-08-16,Thasunda Brown Duckett,TIAA,19,20,0,39,
2025-08-16,Alan Schnitzer,Travelers,14,18,8,40,
2025-08-16,David Ricks,Eli Lilly,9,22,9,40,
2025-08-16,Dara Khosrowshahi,Uber,13,23,4,40,
2025-08-16,Roger Crandall,Mass Mutual,3,7,0,10,
2025-08-16,Marc Casper,Thermo Fisher Scientific,13,24,3,40,
2025-08-16,Gunjan Kedia,U.S. Bancorp,11,27,2,40,
2025-08-16,Michael Kasbar,World Kinect,2,10,0,12,
2025-08-16,Robert Ford,Abbott Laboratories,15,21,4,40,
2025-08-16,Corie Barry,Best Buy,39,1,0,40,
2025-08-16,Timothy Gerend,Northwestern Mutual,2,1,0,3,
2025-08-16,Kathy Warden,Northrop Grumman,16,20,4,40,
2025-08-16,Joseph Zubretsky,Molina Healthcare,9,22,9,40,
2025-08-16,Todd Vasos,Dollar General,6,20,14,40,
2025-08-16,Robin Vince,Bank of New York,20,17,3,40,
2025-08-16,David Zaslav,Warner Bros. Discovery,7,21,12,40,
2025-08-16,Jay Debertin,CHS,4,8,4,16,
2025-08-16,Ted Sarandos,Netflix,12,25,3,40,
2025-08-16,Cristiano Amon,Qualcomm,13,25,1,39,
2025-08-16,Lawrence Culp Jr.,General Electric,11,25,4,40,
2025-08-16,Vimal Kapur,Honeywell,11,29,0,40,
2025-08-16,Marc Benioff,Salesforce,9,23,8,40,
2025-08-16,Jacek Olczak,Philip Morris,11,24,5,40,
2025-08-16,David Flitman,US Foods,1,6,0,7,
2025-08-16,Paul Romanowski,D.R. Horton,6,15,3,24,
2025-08-16,Bryan DeBoer,Lithia Motors,11,26,3,40,
2025-08-16,Dirk Van de Put,Mondelez,11,25,4,40,
2025-08-16,Brian Niccol,Starbucks,12,28,0,40,
2025-08-16,Ryan McInerney,Visa,16,20,4,40,
2025-08-16,Robert Sulentic,CBRE,1,7,1,9,
2025-08-16,Jonathan Jaffe,Lennar,3,7,0,10,
2025-08-16,Scott Strazik,GE Vernova,11,25,4,40,
2025-08-16,William Demchak,PNC,14,21,5,40,
2025-08-16,Jennifer Rumsey,Cummins,9,26,5,40,
2025-08-16,Preston Feight,Paccar,7,25,1,33,
2025-08-16,Robert Bradway,Amgen,9,28,3,40,
2025-08-16,Matthew Lucey,PBF Energy,6,2,1,9,
2025-08-16,Patrick Geraghty,GuideWell Mutual,0,3,2,5,
2025-08-16,Alex Chriss,PayPal,12,26,2,40,
2025-08-16,Sandy Douglas,United Natural Foods,35,5,0,40,
2025-08-16,Michael Creedon,Jr.,0,14,2,16,
2025-08-16,Leon Topalian,Nucor,15,22,3,40,
2025-08-16,Roger Penske,Penske Automotive,19,20,1,40,
2025-08-16,Bom Kim,Coupang,10,29,1,40,
2025-08-16,Antonio Neri,Hewlett Packard,8,23,9,40,
2025-08-16,Harry Sideris,Duke Energy,35,4,0,39,
2025-08-16,Joseph Bae,KKR,20,18,2,40,
2025-08-16,Brian Robbins,Paramount Global,9,26,1,36,
2025-08-16,Michael Dastoor,Jabil,1,5,0,6,
2025-08-16,Daniel O'Day,Gilead Sciences,18,19,3,40,
2025-08-16,Tim Go,HF Sinclair,7,3,0,10,
2025-08-16,William Nash,CarMax,4,3,2,9,
2025-08-16,Michael Miebach,Mastercard,11,25,4,40,
2025-08-16,Lawrence Coben,NRG Energy,7,2,0,9,
2025-08-16,Sean Kerins,Arrow Electronics,3,12,0,15,
2025-08-16,Lorenzo Simonelli,Baker Hughes,17,19,4,40,
2025-08-16,Robert Jordan,Southwest Airlines,12,19,9,40,
2025-08-16,Peter Zaffino,American International,8,29,3,40,
2025-08-16,Gary Dickerson,Applied Materials,6,22,12,40,
2025-08-16,Vicki Hollub,Occidental Petroleum,17,19,3,39,
2025-08-16,Michael Manley,AutoNation,3,5,1,9,
2025-08-16,Christopher Womack,Southern,2,7,0,9,
2025-08-16,Christopher Swift,Hartford Insurance,6,4,0,10,
2025-08-16,Marc Rowan,Apollo Global Management,15,21,4,40,
2025-08-16,Richard Wurster,Charles Schwab,0,2,0,2,
2025-08-16,Christopher Kempczinski,McDonald's,1,15,4,20,
2025-08-16,Carlos Abrams-Rivera,Kraft Heinz,12,22,6,40,
2025-08-16,Lisa Su,Advanced Micro Devices,18,17,5,40,
2025-08-16,William Rogers Jr.,Truist Financial,0,5,2,7,
2025-08-16,Kathleen Quirk,Freeport-McMoRan,14,17,3,34,
2025-08-16,Sanjay Mehrotra,Micron Technology,19,19,2,40,
2025-08-16,Anthony Capuano,Marriott International,12,24,4,40,
2025-08-16,David Gitlin,Carrier Global,18,21,1,40,
2025-08-16,John Ketchum,NextEra Energy,21,18,1,40,
2025-08-16,William Brown,3M,9,21,3,33,
2025-08-16,John Doyle,Marsh & McLennan,11,8,1,20,
2025-08-16,Patricia Poppe,PG&E,8,15,2,25,
2025-08-16,Jim Vena,Union Pacific,19,21,0,40,
2025-08-16,Brian Doubles,Synchrony Financial,4,7,2,13,
2025-08-16,Rainer Blair,Danaher,5,16,1,22,
2025-08-16,Philip Gallagher,Avnet,1,4,0,5,
2025-08-16,Glenn Fogel,Booking s,0,4,2,6,
2025-08-16,Ezra Yacob,EOG Resources,23,12,0,35,
2025-08-16,Earl Austin Jr.,Quanta Services,0,1,1,2,
2025-08-16,Michael Shepherd,Discover Financial,8,15,2,25,
2025-08-16,Joseph Dominguez,Constellation Energy,15,9,1,25,
2025-08-16,William Stengel II,Genuine Parts,0,4,0,4,
2025-08-16,Christian Ulbrich,Jones Lang LaSalle,8,20,0,28,
2025-08-16,Raymond Scott,Lear Corporation,1,2,0,3,
2025-08-16,Michael Rapino,Live Nation Entertainment,12,24,4,40,
2025-08-16,Heidi Petz,Sherwin-Williams,8,28,3,39,
2025-08-16,Calvin Butler Jr.,Exelon,4,5,1,10,
2025-08-16,Tony Spring,Macy's,11,26,3,40,
2025-08-16,Jeffrey Miller,Halliburton,4,6,0,10,
2025-08-16,Kevin Lobo,Stryker,12,25,3,40,
2025-08-16,Tony Cheng,Reinsurance of America,0,0,0,0,
2025-08-16,Ronald O'Hanley,State Street,7,15,3,25,
2025-08-16,John Engel,WESCO International,5,9,1,15,
2025-08-16,Pierce Norton II,Oneok,6,2,1,9,
2025-08-16,Shantanu Narayen,Adobe,19,20,1,40,
2025-08-16,William Westrate,American Family Insurance,1,0,0,1,
2025-08-16,Christopher Kubasik,L3Harris Technologies,14,23,2,39,
2025-08-16,James Conroy,Ross Stores,4,11,0,15,
2025-08-16,Christine Leahy,CDW,0,10,2,12,
2025-08-16,Saumya Sutaria,Tenet Healthcare,6,3,1,10,
2025-08-16,Robert Eddy,BJ's Wholesale Club,3,5,1,9,
2025-08-16,Michael Lyons,Fiserv,7,23,0,30,
2025-08-16,William Gifford Jr.,Altria,1,9,0,10,
2025-08-16,Laurence Fink,BlackRock,17,16,7,40,
2025-08-16,Thomas Polen,Becton Dickinson,7,3,0,10,
2025-08-16,Noel Wallace,Colgate-Palmolive,9,23,2,34,
2025-08-16,Michael Hsu,Kimberly-Clark,6,6,2,14,
2025-08-16,Daryl Kenningham,1 Automotive,7,24,2,33,
2025-08-16,Jennifer Parmentier,Parker-Hannifin,2,12,0,14,
2025-08-16,Jeffrey Harmening,General Mills,6,18,5,29,
2025-08-16,Ravi Kumar S,Cognizant Technology,9,23,3,35,
2025-08-16,William Fehrman,American Electric Power,4,6,0,10,
2025-08-16,Peter Arduini,GE HealthCare Technologies,6,11,0,17,
2025-08-16,Maria Black,Automatic Data Processing,4,6,0,10,
2025-08-16,Lourenco Goncalves,Cleveland-Cliffs,7,21,12,40,
2025-08-16,Daniel Amos,Aflac,3,3,3,9,
2025-08-16,Mark Stewart,Goodyear Tire & Rubber,4,34,2,40,
2025-08-16,Kevin Hogan,Corebridge Financial,6,11,0,17,
2025-08-16,Thomas Palmer,Newmont,5,5,0,10,
2025-08-16,Andrew Silvernail,International Paper,6,24,0,30,
2025-08-16,Philip Daniele III,AutoZone,0,1,0,1,
2025-08-16,Ellen Cooper,Lincoln National,3,7,0,10,
2025-08-16,Ryan Marshall,Pulte,6,6,8,20,
2025-08-16,James Cracchiolo,Ameriprise Financial,2,23,2,27,
2025-08-16,Andrew Clyde,Murphy USA,14,25,1,40,
2025-08-16,Jonas Prising,Manpower,10,5,1,16,
2025-08-16,David Bozeman,C.H. Robinson Worldwide,2,8,0,10,
2025-08-16,Timothy Knavish,PPG Industries,1,2,0,3,
2025-08-16,Pedro Pizarro,Edison International,15,9,16,40,
2025-08-16,Mark Millett,Steel Dynamics,14,3,0,17,
2025-08-16,Benjamin Tisch,Loews,2,7,0,9,
2025-08-16,Karsanbhai,Emerson Electric,10,18,4,32,
2025-08-16,John Zillmer,Aramark,8,15,2,25,
2025-08-16,William Hornbuckle,MGM Resorts International,5,24,1,30,
2025-08-16,James Burke,Vistra,5,3,0,8,
2025-08-16,David Hult,Asbury Automotive,7,32,1,40,
2025-08-16,DG Macpherson,W.W. Grainger,3,6,1,10,
2025-08-16,Eric Slifka,Global Partners,13,23,4,40,
2025-08-16,Bob Pragada,Jacobs Solutions,6,8,0,14,
2025-08-16,Charles Magro,Corteva,5,3,1,9,
2025-08-16,Rick Lanoha,Peter Kiewit Sons',0,2,0,2,
2025-08-16,Michael Mahoney,Boston Scientific,12,26,1,39,
2025-08-16,Brad Beckham,O'Reilly Automotive,5,15,1,21,
2025-08-16,Thomas Bell,Leidos,7,18,1,26,
2025-08-16,Thomas Gayner,Markel,4,10,2,16,
2025-08-16,Marc Bitzer,Whirlpool,11,15,14,40,
2025-08-16,Andrew McMahon,Guardian Life,6,13,0,19,
2025-08-16,Peter Jackson,Builders FirstSource,5,12,1,18,
2025-08-16,Michael Rhodes,Ally Financial,10,25,5,40,
2025-08-16,Matthew Meloy,Targa Resources,5,5,0,10,
2025-08-16,James Breuer,Fluor,0,2,1,3,
2025-08-16,Sasan Goodarzi,Intuit,11,25,4,40,
2025-08-16,Troy Rudd,AECOM,7,24,5,36,
2025-08-16,Penny Pennington,Edward Jones,7,28,5,40,
2025-08-16,Michael Bender,Kohl's,1,25,14,40,
2025-08-16,Beth Ford,Land O'Lakes,18,21,1,40,
2025-08-16,Deanna Strable-Soethout,Principal Financial,1,7,0,8,
2025-08-16,Robert Blue,Dominion Energy,27,9,2,38,
2025-08-16,Martin Schroeter,Kyndryl s,0,10,0,10,
2025-08-16,Jon Vander Ark,Republic Services,11,20,9,40,
2025-08-16,Clay Gaspar,Devon Energy,20,2,0,22,
2025-08-16,Christopher O'Herlihy,Illinois Tool Works,2,5,2,9,
2025-08-16,Michael O'Grady,Northern Trust,25,7,1,33,
2025-08-16,Jamie Whisnant,Auto-Owners Insurance,0,2,0,2,
2025-08-16,Marc Miller,Universal Health Services,3,19,3,25,
2025-08-16,Darryl Button,Pacific Life,1,6,0,7,
2025-08-16,Hamid Akhavan,EchoStar,4,25,11,40,
2025-08-16,Christophe Beck,Ecolab,18,22,0,40,
2025-08-16,Jack Fusco,Cheniere Energy,18,19,3,40,
2025-08-16,John Wren,Omnicom,9,21,10,40,
2025-08-16,Haviv Ilan,Texas Instruments,13,25,2,40,
2025-08-16,David Burritt,United States Steel,9,17,14,40,
2025-08-16,Stéphane de La Faverie,Estée Lauder,13,24,3,40,
2025-08-16,Raul Nicholas Vargas Ochoa,Farmers Insurance Exchange,0,0,0,0,
2025-08-16,Thibaut Mongon,Kenvue,10,27,3,40,
2025-08-16,Ari Bousbib,IQVIA s,0,0,0,0,
2025-08-16,Donald Allan Jr.,Stanley Black & Decker,8,30,2,40,
2025-08-16,Timothy Cofer,Keurig Dr Pepper,2,2,1,5,
2025-08-16,Matthew Flannery,United Rentals,32,2,0,34,
2025-08-16,Timothy Cawley,Consolidated Edison,5,5,0,10,
2025-08-16,Adam Norwitt,Amphenol,1,14,0,15,
2025-08-16,Brent Shafer,Baxter International,1,11,0,12,
2025-08-16,Kimberly Dang,Kinder Morgan,9,1,0,10,
2025-08-16,Erik Nordstrom,Nordstrom,7,28,5,40,
2025-08-16,Frank Holding Jr.,First Citizens BancShares,6,19,1,26,
2025-08-16,Paul Shoukry,Raymond James Financial,14,25,1,40,
2025-08-16,Timothy Archer,Lam Research,2,7,1,10,
2025-08-16,Harry Lawton III,Tractor Supply,1,1,0,2,
2025-08-16,Darren Rebelez,Casey's General Stores,14,24,2,40,
2025-08-16,Scott Smith,Viatris,7,3,0,10,
2025-08-16,James Blackledge,Mutual of Omaha Insurance,0,6,0,6,
2025-08-16,Anthony Guzzi,EMCOR,4,3,0,7,
2025-08-16,Joseph Hinrichs,CSX,5,9,1,15,
2025-08-16,Justin Jude,LKQ,4,6,1,11,
2025-08-16,Judith Marks,Otis Worldwide,2,3,1,6,
2025-08-16,David Bruton Smith,Sonic Automotive,4,9,8,21,
2025-08-16,Martina Cheung,S&P Global,11,24,0,35,
2025-08-16,Leonard Schleifer,Regeneron Pharmaceuticals,5,27,8,40,
2025-08-16,Joseph Fadool,BorgWarner,4,10,0,14,
2025-08-16,Lachlan Murdoch,Fox,5,29,6,40,
2025-08-16,Karla Lewis,Reliance,3,6,1,10,
2025-08-16,John Barrett,Western & Southern Financial,7,31,2,40,
2025-08-16,Scott Donnelly,Textron,9,26,2,37,
2025-08-16,Ariane Gorin,Expedia,8,30,1,39,
2025-08-16,Michael Nolan,Fidelity National Financial,3,0,0,3,
2025-08-16,Ernest Garcia III,Carvana,23,13,4,40,
2025-08-16,Raul Fernandez,DXC Technology,4,34,1,39,
2025-08-16,Robert Berkley Jr.,W.R. Berkley,8,28,4,40,
2025-08-16,René Jones,M&T Bank,12,23,5,40,
2025-08-16,Lauren Hobart,Dick's Sporting Goods,10,26,4,40,
2025-08-16,Robert Frenzel,Xcel Energy,4,2,1,7,
2025-08-16,Timothy Spence,Fifth Third Bancorp,5,3,1,9,
2025-08-16,Stephen Schwarzman,Blackstone,18,18,4,40,
2025-08-16,Walker Martin,Sempra,0,3,0,3,
2025-08-16,Timothy NeCastro,Erie Insurance,2,7,1,10,
2025-08-16,Wendell Weeks,Corning,14,24,2,40,
2025-08-16,Kathleen Johnson,Lumen Technologies,3,5,1,9,
2025-08-16,Brian Tierney,FirstEnergy,4,19,2,25,
2025-08-16,John Hess,Hess,6,31,2,39,
2025-08-16,Adam Schechter,Labcorp,7,19,1,27,
2025-08-16,Tiang Yew Tan,Western Digital,2,0,0,2,
2025-08-16,Richard McKenney,Unum,4,5,0,9,
2025-08-16,Javier Rodriguez,DaVita,13,13,1,27,
2025-08-16,Steven Cahillane,Kellanova,2,7,0,9,
2025-08-16,Stanley Bergman,Henry Schein,11,28,1,40,
2025-08-16,Robert Sanchez,Ryder System,10,11,1,22,
2025-08-16,Tim Hingtgen,Community Health Systems,11,27,2,40,
2025-08-16,Avigal Soreq,Delek US,2,11,5,18,
2025-08-16,Gerardo Norcia,DTE Energy,8,2,0,10,
2025-08-16,Mark Pearson,Equitable,8,8,0,16,
2025-08-16,Lori Koch,DuPont,8,19,0,27,
2025-08-16,Rich Steinmeier,LPL Financial,23,15,2,40,
2025-08-16,Bruce Van Saun,Citizens Financial,12,27,1,40,
2025-08-16,José Mas,MasTec,7,14,2,23,
2025-08-16,Andrés Gluski,AES,16,23,0,39,
2025-08-16,Kevin Kwilinski,Berry Global,8,19,0,27,
2025-08-16,Jean-Marc Gilson,Westlake,5,5,0,10,
2025-08-16,Mark George,Norfolk Southern,15,22,3,40,
2025-08-16,Eduardo Menezes,Air Products & Chemicals,3,6,1,10,
2025-08-16,Shelley Simpson,J.B. Hunt Transport Services,6,31,3,40,
2025-08-16,Daniel Fisher,Ball,3,20,4,27,
2025-08-16,Sean Connolly,Conagra Brands,7,31,2,40,
2025-08-16,Stephen Steinour,Huntington Bancshares,2,8,0,10,
2025-08-16,James Snee,Hormel Foods,3,30,1,34,
2025-08-16,Joseph Nolan Jr.,Eversource Energy,2,1,0,3,
2025-08-16,William Oplinger,Alcoa,6,18,5,29,
2025-08-16,Andrew Marsh,Entergy,3,5,0,8,
2025-08-16,Keith Demmings,Assurant,4,7,0,11,
2025-08-16,Sumit Singh,Chewy,15,21,4,40,
2025-08-16,Niraj Shah,Wayfair,7,25,8,40,
2025-08-16,Joseph Ferraro,Avis Budget,3,6,1,10,
2025-08-16,Jeffrey Sprecher,Intercontinental Exchange,14,23,3,40,
2025-08-16,Benito Minicucci,Alaska Air,2,6,1,9,
2025-08-16,Malcolm Wilson,GXO Logistics,7,24,0,31,
2025-08-16,Eric Hansotia,AGCO,16,18,1,35,
2025-08-16,Kathleen Mazzarella,Graybar Electric,1,9,0,10,
2025-08-16,Gavin Hattersley,Molson Coors Beverage,2,31,7,40,
2025-08-16,Patrick Gallagher Jr.,Arthur J. Gallagher,9,28,3,40,
2025-08-16,Christopher Kastner,Huntington Ingalls Industries,2,4,1,7,
2025-08-16,Erik Fyrwald,International Flavors & Fragrances,7,8,2,17,
2025-08-16,Ricardo Cardenas,Darden Restaurants,3,4,1,8,
2025-08-16,Stephen Spray,Cincinnati Financial,1,4,4,9,
2025-08-16,Scott Boatwright,Chipotle Mexican Grill,7,29,4,40,
2025-08-16,Joey Wat,Yum China,12,26,2,40,
2025-08-16,Robert Goldstein,Las Vegas Sands,3,32,5,40,
2025-08-16,Kecia Steelman,Ulta Beauty,32,7,1,40,
2025-08-16,Thomas Reeg,Caesars Entertainment,5,5,1,11,
2025-08-16,Jon Rousseau,BrightSpring Health Services,20,19,1,40,
2025-08-16,William Krueger,Andersons,0,4,0,4,
2025-08-16,Michele Buck,Hershey,9,29,2,40,
2025-08-16,Christopher Nassetta,Hilton,16,21,3,40,
2025-08-16,Bruce Bodine,Mosaic,3,7,0,10,
2025-08-16,Brian Chesky,Airbnb,2,31,7,40,
2025-08-16,Kaes Van’t Hof,Diamondback Energy,24,13,2,39,
2025-08-16,Steven Vondran,American Tower,4,7,0,11,
2025-08-16,Reshma Kewalramani,Vertex Pharmaceuticals,21,16,3,40,
2025-08-16,William McDermott,ServiceNow,3,6,0,9,
2025-08-16,Brian Chambers,Owens Corning,3,12,1,16,
2025-08-16,Teresa Rasmussen,Thrivent Financial for Lutherans,3,2,0,5,
2025-08-16,Shane O'Kelly,Advance Auto Parts,16,21,3,40,
2025-08-16,Douglas Yearley Jr.,Toll Brothers,2,11,3,16,
2025-08-16,Jeffrey Lorberbaum,Mohawk Industries,10,5,1,16,
2025-08-16,Gregory Brown,Motorola Solutions,1,8,0,9,
2025-08-16,John Pfeifer,Oshkosh,6,26,4,36,
2025-08-16,Tony Xu,DoorDash,13,20,7,40,
2025-08-16,Edward Pesicka,Owens & Minor,2,28,2,32,
2025-08-16,Eugene Bredow,NVR,0,4,0,4,
2025-08-16,Philippe Krakowsky,Interpublic,15,21,4,40,
2025-08-16,Horacio Rozanski,Booz Allen Hamilton,16,19,5,40,
2025-08-16,Michael O’Sullivan,Burlington Stores,9,29,2,40,
2025-08-16,Daniel Wall,Expeditors International of Washington,4,3,0,7,
2025-08-16,Calvin McDonald,Lululemon athletica,9,30,1,40,
2025-08-16,Stephanie Ferris,Fidelity National Information,13,21,4,38,
2025-08-16,Richard Handler,Jefferies Financial,5,7,7,19,
2025-08-16,Alan Armstrong,Williams,22,13,5,40,
2025-08-16,Bracken Darrell,VF Corporation,8,28,4,40,
2025-08-16,Mikael Bratt,Autoliv,7,8,2,17,
2025-08-16,Rafael Santana,Westinghouse Air Brake Technologies,5,6,0,11,
2025-08-16,Ralph LaRossa,Public Service Enterprise,8,15,0,23,
2025-08-16,Jamie Iannone,Ebay,18,18,4,40,
2025-08-16,Scott Richardson,Celanese,7,29,4,40,
2025-08-16,Cameron Bready,Global Payments,8,29,3,40,
2025-08-16,Robert Thomson,News Corp.,6,27,6,39,
2025-08-16,Robert Martin,THOR Industries,4,5,1,10,
2025-08-16,David Rawlinson II,QVC,6,13,2,21,
2025-08-16,Andrew Teno,Icahn Enterprises,5,6,0,11,
2025-08-16,William Newlands,Constellation Brands,0,2,2,4,
2025-08-16,James Davis,Quest Diagnostics,4,5,1,10,
2025-08-16,Richard Wallace,KLA,2,4,0,6,
2025-08-16,Julian Francis,QXO Building Products,0,0,0,0,
2025-08-16,John Christmann IV,APA,4,5,1,10,
2025-08-16,Gregory Roberts,A-Mark Precious Metals,2,2,1,5,
2025-08-16,Christopher Viehbacher,Biogen,0,29,2,31,
2025-08-16,Mick Beekhuizen,Campbell's,6,23,3,32,
2025-08-16,Christopher Caldwell,Concentrix,2,6,0,8,
2025-08-16,Todd Schneider,Cintas,11,17,1,29,
2025-08-16,Tony Sarsam,SpartanNash,17,21,2,40,
2025-08-16,John Venhuizen,Ace Hardware,16,23,1,40,
2025-08-16,Vincent Roche,Analog Devices,14,23,3,40,
2025-08-16,Mark Costa,Eastman Chemical,7,17,4,28,
2025-08-16,Milan Galik,Interactive Brokers,6,15,0,21,
2025-08-16,John Turner Jr.,Regions Financial,2,8,0,10,
2025-08-16,Joanna Geraghty,JetBlue Airways,17,16,7,40,
2025-08-16,Kristin Peck,Zoetis,11,18,1,30,
2025-08-16,Christopher Gorman,KeyCorp,4,5,0,9,
2025-08-16,Mark Bertolini,Oscar Health,13,18,8,39,
2025-08-16,Brendan McCracken,Ovintiv,5,5,1,11,
2025-08-16,Robert Steer,Seaboard,1,4,0,5,
2025-08-16,Gil West,Hertz,7,25,8,40,
2025-08-16,Robert Greenberg,Skechers,7,31,2,40,
2025-08-16,Dennis Mathew,Altice,5,26,7,38,
2025-08-16,Clay Williams,NOV,9,17,3,29,
2025-08-16,Michael Doss,Graphic Packaging,6,8,1,15,
2025-08-16,Deon Stander,Avery Dennison,0,11,0,11,
2025-08-16,Adaire Fox-Martin,Equinix,15,20,3,38,
2025-08-16,Joyce Mullen,Insight Enterprises,6,12,1,19,
2025-08-16,Jennifer Witz,Sirius XM,6,14,5,25,
2025-08-16,Stefan Larsson,PVH,10,24,6,40,
2025-08-16,Jason Wells,CenterPoint Energy,22,12,6,40,
2025-08-16,Scott Lauber,WEC Energy,16,5,0,21,
2025-08-16,Matthew Pine,Xylem,2,10,1,13,
2025-08-16,Jennifer Johnson,Franklin Resources,1,8,1,10,
2025-08-16,Vincent Sorgi,PPL,9,10,1,20,
2025-08-16,Carl Eschenbach,Workday,11,19,10,40,
2025-08-16,Richard Tobin,Dover,3,6,1,10,
2025-08-16,Mark Kowlzan,Packaging Corp. of America,1,10,1,12,
2025-08-16,Scott Salmirs,ABM Industries,5,7,1,13,
2025-08-16,Gary Guthart,Intuitive Surgical,11,25,4,40,
2025-08-16,Carl Lindner lll,American Financial,0,0,0,0,
2025-08-16,Blake Moret,Rockwell Automation,11,27,1,39,
2025-08-16,Bryan Hanson,Solventum,6,11,2,19,
2025-08-16,Craig Smiddy,Old Republic International,3,6,1,10,
2025-08-16,Christopher Hilger,Securian Financial,0,6,0,6,
2025-08-16,Hamid Moghadam,Prologis,7,27,6,40,
2025-08-16,Mark Smucker,J.M. Smucker,10,24,6,40,
2025-08-16,Sheryl Palmer,Taylor Morrison Home,5,13,1,19,
2025-08-16,Mario Harik,XPO,7,32,1,40,
2025-08-16,Heather Lavallee,Voya Financial,7,9,2,18,
2025-08-16,Nikesh Arora,Palo Alto Networks,9,23,8,40,
2025-08-16,Giordano Albertazzi,Vertiv s,0,1,0,1,
2025-08-16,Shankh Mitra,Welltower,17,21,2,40,
2025-08-16,Mary Dillon,Foot Locker,10,24,6,40,
2025-08-16,William Monteleone,Par Pacific,2,6,1,9,
2025-08-16,Kevin Stein,TransDigm,9,10,2,21,
2025-08-16,Peter Matt,Commercial Metals,5,4,0,9,
2025-08-16,Robert Vitale,Post s,0,0,0,0,
2025-08-16,Keith Allman,Masco,6,9,1,16,
2025-08-16,Rusty Rush,Rush Enterprises,17,20,3,40,
2025-08-16,Stuart Bradie,KBR,15,17,4,36,
2025-08-16,Jack Sinclair,Sprouts Farmers Market,14,25,1,40,
2025-08-16,Laura Alber,Williams-Sonoma,11,23,6,40,
2025-08-16,Ivan Tornos,Zimmer Biomet s,1,2,0,3,
2025-08-16,John Mengucci,CACI International,21,17,2,40,
2025-08-16,Steve Sanghi,Microchip Technology,7,29,4,40,
2025-08-16,Albert Nahmad,Watsco,2,6,2,10,
2025-08-16,Christopher Peterson,Newell Brands,1,7,2,10,
2025-08-16,Arie Kotler,ARKO,5,23,1,29,
2025-08-16,Jure Sola,Sanmina,3,14,0,17,
2025-08-16,Andrew Wilson,Electronic Arts,14,18,8,40,
2025-08-16,David Gibbs,Yum Brands,2,37,1,40,
2025-08-16,Daniel Florness,Fastenal,3,6,1,10,
2025-08-16,Garrick Rochow,CMS Energy,12,3,0,15,
2025-08-16,Rodney Sacks,Monster Beverage,15,23,1,39,
2025-08-16,Mark Shapiro,Endeavor,5,34,1,40,
2025-08-16,Toni Townes-Whitley,Science Applications International,12,19,1,32,
2025-08-16,Mark Witkowski,Core & Main,1,6,1,8,
2025-08-16,John Plant,Howmet Aerospace,5,19,2,26,
2025-08-16,James Zallie,Ingredion,5,5,1,11,
2025-08-16,Thomas Hill,Vulcan Materials,4,8,2,14,
2025-08-17,Doug McMillon,Walmart,14,20,6,40,
2025-08-17,Andrew Jassy,Amazon,6,28,6,40,
2025-08-17,Stephen Hemsley,UnitedHealth,8,25,7,40,
2025-08-17,Tim Cook,Apple,16,22,2,40,
2025-08-17,David Joyner,CVS Health,7,29,4,40,
2025-08-17,Warren Buffett,Berkshire Hathaway,11,27,2,40,
2025-08-17,Sundar Pichai,Alphabet,18,17,5,40,
2025-08-17,Darren Woods,Exxon Mobil,12,20,7,39,
2025-08-17,Brian Tyler,McKesson,4,14,4,22,
2025-08-17,Robert Mauch,Cencora,4,6,0,10,
2025-08-17,Jamie Dimon,JPMorgan Chase,11,18,11,40,
2025-08-17,Ron Vachris,Costco,5,32,3,40,
2025-08-17,David Cordani,Cigna,21,16,3,40,
2025-08-17,Satya Nadella,Microsoft,13,18,9,40,
2025-08-17,Jason Hollar,Cardinal Health,14,21,5,40,
2025-08-17,Mike Wirth,Chevron,16,18,6,40,
2025-08-17,Brian Moynihan,Bank of America,4,29,7,40,
2025-08-17,Mary Barra,General Motors,11,25,4,40,
2025-08-17,Jim Farley,Ford Motor,13,22,5,40,
2025-08-17,Gail Boudreaux,Elevance Health,15,18,7,40,
2025-08-17,Jane Fraser,Citi,11,23,6,40,
2025-08-17,Mark Zuckerberg,Meta,13,22,5,40,
2025-08-17,Sarah London,Centene,11,21,8,40,
2025-08-17,Ted Decker,Home Depot,10,28,2,40,
2025-08-17,Priscilla Almodovar,Fannie Mae,10,16,13,39,
2025-08-17,Tim Wentworth,Walgreens,8,21,10,39,
2025-08-17,Ron Sargent,Kroger,5,21,14,40,
2025-08-17,Mark Lashier,Phillips 66,9,20,9,38,
2025-08-17,Maryann Mannen,Marathon Petroleum,6,14,1,21,
2025-08-17,Hans Vestberg,Verizon,18,18,4,40,
2025-08-17,Jensen Huang,Nvidia,14,20,6,40,
2025-08-17,David Solomon,Goldman Sachs,2,21,17,40,
2025-08-17,Charles Scharf,Wells Fargo,29,7,4,40,
2025-08-17,Lane Riggs,Valero Energy,13,8,0,21,
2025-08-17,Brian Roberts,Comcast,11,27,2,40,
2025-08-17,Jon Farney,State Farm,10,27,3,40,
2025-08-17,John Stankey,AT&T,11,23,6,40,
2025-08-17,Michael Hutchins,Freddie Mac,3,11,3,17,
2025-08-17,Jim Rechtin,Humana,18,18,4,40,
2025-08-17,Ted Pick,Morgan Stanley,17,21,2,40,
2025-08-17,Brian Cornell,Target,7,21,12,40,
2025-08-17,Philip Smith,StoneX,0,9,1,10,
2025-08-17,Elon Musk,Tesla,12,16,12,40,
2025-08-17,Michael Dell,Dell Technologies,12,25,3,40,
2025-08-17,Ramon Laguarta,PepsiCo,9,27,4,40,
2025-08-17,Bob Iger,Walt Disney,11,26,3,40,
2025-08-17,Carol Tomé,UPS,9,20,11,40,
2025-08-17,Joaquin Duato,Johnson & Johnson,8,27,5,40,
2025-08-17,Rajesh Subramaniam,FedEx,10,23,0,33,
2025-08-17,Juan Luciano,Archer Daniels Midland,3,21,16,40,
2025-08-17,Jon Moeller,Procter & Gamble,4,31,5,40,
2025-08-17,Marvin Ellison,Lowe's,17,17,6,40,
2025-08-17,Thomas Long,Energy Transfer,9,0,1,10,
2025-08-17,Christopher Calio,RTX,6,10,0,16,
2025-08-17,Susan Morris,Albertsons,9,27,4,40,
2025-08-17,Kevin Hourican,Sysco,10,27,3,40,
2025-08-17,Tricia Griffith,Progressive,12,23,4,39,
2025-08-17,Stephen Squeri,American Express,14,24,2,40,
2025-08-17,James Taiclet,Lockheed Martin,11,18,11,40,
2025-08-17,Michel Khalaf,MetLife,11,17,0,28,
2025-08-17,Samuel Hazen,HCA Healthcare,8,6,0,14,
2025-08-17,Andrew Sullivan,Prudential Financial,14,24,0,38,
2025-08-17,Kelly Ortberg,Boeing,14,21,5,40,
2025-08-17,Joe Creed,Caterpillar,10,26,3,39,
2025-08-17,Robert M Davis,Merck,4,19,0,23,
2025-08-17,Thomas J Wilson,Allstate,1,11,1,13,
2025-08-17,Albert Bourla,Pfizer,21,12,7,40,
2025-08-17,Arvind Krishna,IBM,15,19,6,40,
2025-08-17,Craig DeSanto,New York Life Insurance,4,14,0,18,
2025-08-17,Ed Bastian,Delta Airlines,16,14,9,39,
2025-08-17,Kevin Murphy,Ferguson,7,25,3,35,
2025-08-17,Kirt Walker,Nationwide,15,17,2,34,
2025-08-17,Patrick Zammit,TD Synnex,9,16,0,25,
2025-08-17,Scott Kirby,United Airlines,35,3,2,40,
2025-08-17,Ryan Lance,ConocoPhillips,18,19,3,40,
2025-08-17,Ernie Herrman,TJX,17,22,1,40,
2025-08-17,Bob Michael,AbbVie,0,0,0,0,
2025-08-17,AJ Jim Teague,Enterprise Products Partners,6,8,0,14,
2025-08-17,Christopher Winfrey,Charter Communications,5,14,5,24,
2025-08-17,George Holm,Performance Food,10,22,2,34,
2025-08-17,Robert Isom,American Airlines,8,24,8,40,
2025-08-17,Richard Fairbank,Capital One,14,22,4,40,
2025-08-17,Chuck Robbins,Cisco Systems,12,23,5,40,
2025-08-17,Enrique Lores,HP,12,23,5,40,
2025-08-17,Donnie King,Tyson Foods,10,25,5,40,
2025-08-17,Lip-Bu Tan,Intel,8,22,10,40,
2025-08-17,Safra Catz,Oracle,13,19,8,40,
2025-08-17,Hock Tan,Broadcom,12,24,4,40,
2025-08-17,John May,Deere,8,28,4,40,
2025-08-17,Elliott Hill,Nike,12,24,4,40,
2025-08-17,Timothy M Sweeney,Liberty Mutual Insurance,14,0,0,14,
2025-08-17,Wilfred Chiang,Plains GP,1,1,0,2,
2025-08-17,Juan Andrade,USAA,5,16,0,21,
2025-08-17,Chris Boerner,Bristol-Myers Squibb,10,23,7,40,
2025-08-17,Paul Bay,Ingram Micro,11,24,5,40,
2025-08-17,Phebe Novakovic,General Dynamics,27,9,4,40,
2025-08-17,James Quincey,Coca-Cola,10,28,2,40,
2025-08-17,Thasunda Brown Duckett,TIAA,19,20,0,39,
2025-08-17,Alan Schnitzer,Travelers,14,18,8,40,
2025-08-17,David Ricks,Eli Lilly,9,22,9,40,
2025-08-17,Dara Khosrowshahi,Uber,13,23,4,40,
2025-08-17,Roger Crandall,Mass Mutual,3,7,0,10,
2025-08-17,Marc Casper,Thermo Fisher Scientific,13,24,3,40,
2025-08-17,Gunjan Kedia,US Bancorp,10,27,3,40,
2025-08-17,Michael Kasbar,World Kinect,2,10,0,12,
2025-08-17,Robert Ford,Abbott Laboratories,14,22,4,40,
2025-08-17,Corie Barry,Best Buy,39,1,0,40,
2025-08-17,Tim Gerend,Northwestern Mutual,14,25,1,40,
2025-08-17,Kathy Warden,Northrop Grumman,17,18,5,40,
2025-08-17,Joe Zubretsky,Molina Healthcare,7,6,4,17,
2025-08-17,Todd Vasos,Dollar General,6,22,12,40,
2025-08-17,Robin Vince,Bank of New York,20,17,3,40,
2025-08-17,David Zaslav,Warner Bros Discovery,7,21,12,40,
2025-08-17,Jay Debertin,CHS,4,8,4,16,
2025-08-17,Ted Sarandos,Netflix,12,26,2,40,
2025-08-17,Cristiano Amon,Qualcomm,13,25,1,39,
2025-08-17,Larry Culp,General Electric,12,25,3,40,
2025-08-17,Vimal Kapur,Honeywell,12,28,0,40,
2025-08-17,Marc Benioff,Salesforce,9,23,8,40,
2025-08-17,Jacek Olczak,Philip Morris,12,24,4,40,
2025-08-17,David Flitman,US Foods,1,7,0,8,
2025-08-17,Paul Romanowski,DR Horton,6,15,3,24,
2025-08-17,Bryan DeBoer,Lithia Motors,12,27,1,40,
2025-08-17,Dirk Van de Put,Mondelez,14,23,3,40,
2025-08-17,Brian Niccol,Starbucks,11,29,0,40,
2025-08-17,Ryan McInerney,Visa,15,22,3,40,
2025-08-17,Robert Sulentic,CBRE,1,7,1,9,
2025-08-17,Jonathan Jaffe,Lennar,2,7,1,10,
2025-08-17,Scott Strazik,GE Vernova,11,25,4,40,
2025-08-17,William Demchak,PNC,14,21,5,40,
2025-08-17,Jennifer Rumsey,Cummins,8,27,5,40,
2025-08-17,Preston Feight,Paccar,8,28,2,38,
2025-08-17,Robert Bradway,Amgen,9,28,3,40,
2025-08-17,Matthew Lucey,PBF Energy,6,2,1,9,
2025-08-17,Pat Geraghty,GuideWell Mutual,2,7,0,9,
2025-08-17,Alex Chriss,PayPal,13,25,2,40,
2025-08-17,Sandy Douglas,United Natural Foods,35,5,0,40,
2025-08-17,Michael Creedon,Dollar Tree,3,35,2,40,
2025-08-17,Leon Topalian,Nucor,16,21,3,40,
2025-08-17,Roger Penske,Penske Automotive,18,21,1,40,
2025-08-17,Bom Kim,Coupang,10,29,1,40,
2025-08-17,Antonio Neri,Hewlett Packard,8,22,10,40,
2025-08-17,Harry Sideris,Duke Energy,35,4,0,39,
2025-08-17,Joseph Bae,KKR,20,18,2,40,
2025-08-17,Brian Robbins,Paramount Global,7,28,1,36,
2025-08-17,Michael Dastoor,Jabil,1,5,0,6,
2025-08-17,Daniel O'Day,Gilead Sciences,19,18,3,40,
2025-08-17,Tim Go,HF Sinclair,6,4,0,10,
2025-08-17,William Nash,CarMax,4,3,2,9,
2025-08-17,Michael Miebach,Mastercard,12,25,3,40,
2025-08-17,Lawrence Coben,NRG Energy,7,2,0,9,
2025-08-17,Sean Kerins,Arrow Electronics,3,12,0,15,
2025-08-17,Lorenzo Simonelli,Baker Hughes,17,19,4,40,
2025-08-17,Bob Jordan,Southwest Airlines,12,22,6,40,
2025-08-17,Peter Zaffino,American International,8,29,3,40,
2025-08-17,Gary Dickerson,Applied Materials,8,20,12,40,
2025-08-17,Vicki Hollub,Occidental Petroleum,17,19,3,39,
2025-08-17,Michael Manley,AutoNation,3,6,1,10,
2025-08-17,Christopher Womack,Southern,2,7,0,9,
2025-08-17,Christopher Swift,Hartford Insurance,6,4,0,10,
2025-08-17,Marc Rowan,Apollo Global Management,15,21,4,40,
2025-08-17,Rick Wurster,Charles Schwab,14,21,4,39,
2025-08-17,Chris Kempczinski,McDonald's,13,18,9,40,
2025-08-17,Carlos Abrams-Rivera,Kraft Heinz,12,22,6,40,
2025-08-17,Lisa Su,Advanced Micro Devices,17,18,5,40,
2025-08-17,William H Rogers Jr,Truist Financial,2,8,0,10,
2025-08-17,Kathleen Quirk,Freeport-McMoRan,14,18,3,35,
2025-08-17,Sanjay Mehrotra,Micron Technology,19,19,2,40,
2025-08-17,Anthony Capuano,Marriott International,12,25,3,40,
2025-08-17,David Gitlin,Carrier Global,18,21,1,40,
2025-08-17,John Ketchum,NextEra Energy,21,18,1,40,
2025-08-17,William M Brown,3M,2,8,0,10,
2025-08-17,John Doyle,Marsh & McLennan,12,8,1,21,
2025-08-17,Patricia Poppe,PG&E,8,15,2,25,
2025-08-17,Jim Vena,Union Pacific,18,21,0,39,
2025-08-17,Brian Doubles,Synchrony Financial,4,7,2,13,
2025-08-17,Rainer Blair,Danaher,6,15,1,22,
2025-08-17,Philip Gallagher,Avnet,1,5,0,6,
2025-08-17,Glenn Fogel,Booking s,0,4,1,5,
2025-08-17,Ezra Yacob,EOG Resources,23,12,0,35,
2025-08-17,Earl Austin,Quanta Services,3,4,1,8,
2025-08-17,Michael Shepherd,Discover Financial,9,14,2,25,
2025-08-17,Joseph Dominguez,Constellation Energy,15,9,1,25,
2025-08-17,William Stengel II,Genuine Parts,0,4,0,4,
2025-08-17,Christian Ulbrich,Jones Lang LaSalle,8,19,0,27,
2025-08-17,Raymond E Scott,Lear Corporation,6,3,0,9,
2025-08-17,Michael Rapino,Live Nation Entertainment,12,24,4,40,
2025-08-17,Heidi Petz,Sherwin-Williams,8,28,3,39,
2025-08-17,Calvin G Butler Jr,Exelon,6,5,0,11,
2025-08-17,Tony Spring,Macy's,10,26,4,40,
2025-08-17,Jeff Miller,Halliburton,16,20,4,40,
2025-08-17,Kevin Lobo,Stryker,11,26,3,40,
2025-08-17,Tony Cheng,Reinsurance of America,0,0,0,0,
2025-08-17,Ronald P O'Hanley,State Street,5,15,0,20,
2025-08-17,John Engel,WESCO International,5,9,1,15,
2025-08-17,Pierce Norton II,Oneok,5,3,1,9,
2025-08-17,Shantanu Narayen,Adobe,19,20,1,40,
2025-08-17,Bill Westrate,American Family Insurance,10,16,2,28,
2025-08-17,Chris Kubasik,L3Harris Technologies,5,14,1,20,
2025-08-17,James Conroy,Ross Stores,4,11,0,15,
2025-08-17,Christine Leahy,CDW,0,9,2,11,
2025-08-17,Saumya Sutaria,Tenet Healthcare,5,4,1,10,
2025-08-17,Bob Eddy,BJ's Wholesale Club,6,32,2,40,
2025-08-17,Mike Lyons,Fiserv,4,10,0,14,
2025-08-17,William Gifford,Altria,2,6,1,9,
2025-08-17,Laurence Fink,BlackRock,18,15,7,40,
2025-08-17,Thomas Polen,Becton Dickinson,7,3,0,10,
2025-08-17,Noel Wallace,Colgate-Palmolive,9,24,2,35,
2025-08-17,Michael Hsu,Kimberly-Clark,6,6,2,14,
2025-08-17,Daryl Kenningham,1 Automotive,8,21,1,30,
2025-08-17,Jennifer Parmentier,Parker-Hannifin,2,12,0,14,
2025-08-17,Jeffrey Harmening,General Mills,6,17,5,28,
2025-08-17,Ravi Kumar S,Cognizant Technology,9,24,3,36,
2025-08-17,William Fehrman,American Electric Power,4,6,0,10,
2025-08-17,Peter Arduini,GE HealthCare Technologies,6,11,0,17,
2025-08-17,Maria Black,Automatic Data Processing,4,5,0,9,
2025-08-17,Lourenco Goncalves,Cleveland-Cliffs,7,21,12,40,
2025-08-17,Daniel Amos,Aflac,3,3,3,9,
2025-08-17,Mark Stewart,Goodyear Tire & Rubber,4,34,2,40,
2025-08-17,Kevin Hogan,Corebridge Financial,5,12,0,17,
2025-08-17,Thomas Palmer,Newmont,4,6,0,10,
2025-08-17,Andrew Silvernail,International Paper,6,23,0,29,
2025-08-17,Philip Daniele III,AutoZone,0,1,0,1,
2025-08-17,Ellen Cooper,Lincoln National,4,6,0,10,
2025-08-17,Ryan Marshall,Pulte,7,6,8,21,
2025-08-17,James Cracchiolo,Ameriprise Financial,2,24,2,28,
2025-08-17,Andrew Clyde,Murphy USA,15,24,1,40,
2025-08-17,Jonas Prising,Manpower,10,6,1,17,
2025-08-17,David Bozeman,CH Robinson Worldwide,2,7,1,10,
2025-08-17,Timothy Knavish,PPG Industries,1,2,0,3,
2025-08-17,Pedro Pizarro,Edison International,14,9,17,40,
2025-08-17,Mark Millett,Steel Dynamics,15,3,0,18,
2025-08-17,Benjamin Tisch,Loews,2,7,0,9,
2025-08-17,Karsanbhai,Emerson Electric,11,18,3,32,
2025-08-17,John Zillmer,Aramark,8,15,2,25,
2025-08-17,William Hornbuckle,MGM Resorts International,5,25,1,31,
2025-08-17,James Burke,Vistra,6,2,0,8,
2025-08-17,David Hult,Asbury Automotive,8,31,1,40,
2025-08-17,DG Macpherson,WW Grainger,3,6,1,10,
2025-08-17,Eric Slifka,Global Partners,14,22,4,40,
2025-08-17,Bob Pragada,Jacobs Solutions,6,8,0,14,
2025-08-17,Charles Magro,Corteva,5,3,1,9,
2025-08-17,Rick Lanoha,Peter Kiewit Sons',0,2,0,2,
2025-08-17,Michael Mahoney,Boston Scientific,11,26,1,38,
2025-08-17,Brad Beckham,O'Reilly Automotive,5,15,1,21,
2025-08-17,Thomas Bell,Leidos,7,18,1,26,
2025-08-17,Thomas Gayner,Markel,4,10,2,16,
2025-08-17,Marc Bitzer,Whirlpool,11,15,14,40,
2025-08-17,Andrew McMahon,Guardian Life,5,13,0,18,
2025-08-17,Peter Jackson,Builders FirstSource,5,12,1,18,
2025-08-17,Michael Rhodes,Ally Financial,10,24,5,39,
2025-08-17,Matthew Meloy,Targa Resources,5,5,0,10,
2025-08-17,James Breuer,Fluor,1,2,1,4,
2025-08-17,Sasan Goodarzi,Intuit,10,26,4,40,
2025-08-17,Troy Rudd,AECOM,7,23,5,35,
2025-08-17,Penny Pennington,Edward Jones,6,29,5,40,
2025-08-17,Michael Bender,Kohl's,1,25,14,40,
2025-08-17,Beth Ford,Land O'Lakes,17,22,1,40,
2025-08-17,Deanna Strable-Soethout,Principal Financial,1,7,0,8,
2025-08-17,Robert Blue,Dominion Energy,27,9,2,38,
2025-08-17,Martin Schroeter,Kyndryl s,0,10,0,10,
2025-08-17,Jon Vander Ark,Republic Services,10,20,10,40,
2025-08-17,Clay Gaspar,Devon Energy,19,3,0,22,
2025-08-17,Christopher O'Herlihy,Illinois Tool Works,2,5,2,9,
2025-08-17,Michael O'Grady,Northern Trust,25,7,1,33,
2025-08-17,Jamie Whisnant,Auto-Owners Insurance,0,2,0,2,
2025-08-17,Marc Miller,Universal Health Services,3,20,3,26,
2025-08-17,Darryl Button,Pacific Life,1,6,0,7,
2025-08-17,Hamid Akhavan,EchoStar,3,22,8,33,
2025-08-17,Christophe Beck,Ecolab,18,22,0,40,
2025-08-17,Jack Fusco,Cheniere Energy,17,20,3,40,
2025-08-17,John Wren,Omnicom,9,21,10,40,
2025-08-17,Haviv Ilan,Texas Instruments,12,26,2,40,
2025-08-17,David Burritt,United States Steel,9,16,15,40,
2025-08-17,Stéphane de La Faverie,Estée Lauder,12,25,3,40,
2025-08-17,Raul Nicholas Vargas Ochoa,Farmers Insurance Exchange,0,0,0,0,
2025-08-17,Thibaut Mongon,Kenvue,8,29,3,40,
2025-08-17,Ari Bousbib,IQVIA s,0,0,0,0,
2025-08-17,Donald Allan,Stanley Black & Decker,10,29,1,40,
2025-08-17,Timothy Cofer,Keurig Dr Pepper,2,2,1,5,
2025-08-17,Matthew Flannery,United Rentals,32,3,0,35,
2025-08-17,Timothy Cawley,Consolidated Edison,5,5,0,10,
2025-08-17,Adam Norwitt,Amphenol,2,14,0,16,
2025-08-17,Brent Shafer,Baxter International,1,11,0,12,
2025-08-17,Kimberly Dang,Kinder Morgan,9,1,0,10,
2025-08-17,Erik Nordstrom,Nordstrom,7,27,5,39,
2025-08-17,Frank Holding,First Citizens BancShares,10,16,2,28,
2025-08-17,Paul Shoukry,Raymond James Financial,14,25,1,40,
2025-08-17,Timothy Archer,Lam Research,2,7,1,10,
2025-08-17,Harry Lawton III,Tractor Supply,1,1,0,2,
2025-08-17,Darren Rebelez,Casey's General Stores,14,24,2,40,
2025-08-17,Scott Smith,Viatris,7,3,0,10,
2025-08-17,James Blackledge,Mutual of Omaha Insurance,0,6,0,6,
2025-08-17,Anthony Guzzi,EMCOR,4,3,0,7,
2025-08-17,Joseph Hinrichs,CSX,5,9,1,15,
2025-08-17,Justin Jude,LKQ,4,6,1,11,
2025-08-17,Judith Marks,Otis Worldwide,3,3,1,7,
2025-08-17,David Bruton Smith,Sonic Automotive,4,9,8,21,
2025-08-17,Martina Cheung,S&P Global,11,24,0,35,
2025-08-17,Leonard Schleifer,Regeneron Pharmaceuticals,5,27,8,40,
2025-08-17,Joseph Fadool,BorgWarner,4,11,0,15,
2025-08-17,Lachlan Murdoch,Fox,4,30,6,40,
2025-08-17,Karla Lewis,Reliance,4,5,1,10,
2025-08-17,John Barrett,Western & Southern Financial,7,31,2,40,
2025-08-17,Scott Donnelly,Textron,9,28,3,40,
2025-08-17,Ariane Gorin,Expedia,9,29,1,39,
2025-08-17,Michael Nolan,Fidelity National Financial,4,0,0,4,
2025-08-17,Ernest Garcia III,Carvana,23,13,4,40,
2025-08-17,Raul Fernandez,DXC Technology,4,34,1,39,
2025-08-17,Robert Berkley,WR Berkley,8,28,4,40,
2025-08-17,René Jones,M&T Bank,12,24,4,40,
2025-08-17,Lauren Hobart,Dick's Sporting Goods,9,27,4,40,
2025-08-17,Robert Frenzel,Xcel Energy,4,2,1,7,
2025-08-17,Timothy Spence,Fifth Third Bancorp,5,5,0,10,
2025-08-17,Stephen Schwarzman,Blackstone,19,17,4,40,
2025-08-17,Walker Martin,Sempra,0,3,0,3,
2025-08-17,Timothy NeCastro,Erie Insurance,2,7,1,10,
2025-08-17,Wendell Weeks,Corning,14,24,2,40,
2025-08-17,Kathleen Johnson,Lumen Technologies,3,4,1,8,
2025-08-17,Brian Tierney,FirstEnergy,4,19,2,25,
2025-08-17,Adam Schechter,Labcorp,7,20,1,28,
2025-08-17,Tiang Yew Tan,Western Digital,2,0,0,2,
2025-08-17,Richard McKenney,Unum,4,5,0,9,
2025-08-17,Javier Rodriguez,DaVita,13,15,1,29,
2025-08-17,Steven Cahillane,Kellanova,2,7,0,9,
2025-08-17,Stanley Bergman,Henry Schein,11,28,1,40,
2025-08-17,Robert Sanchez,Ryder System,10,11,1,22,
2025-08-17,Tim Hingtgen,Community Health Systems,11,27,2,40,
2025-08-17,Avigal Soreq,Delek US,3,11,5,19,
2025-08-17,Gerardo Norcia,DTE Energy,7,2,0,9,
2025-08-17,Mark Pearson,Equitable,7,9,0,16,
2025-08-17,Lori Koch,DuPont,8,18,0,26,
2025-08-17,Rich Steinmeier,LPL Financial,24,14,2,40,
2025-08-17,Bruce Van Saun,Citizens Financial,12,27,1,40,
2025-08-17,José Mas,MasTec,7,14,2,23,
2025-08-17,Andrés Gluski,AES,16,23,0,39,
2025-08-17,Kevin Kwilinski,Berry Global,8,19,0,27,
2025-08-17,Mark George,Norfolk Southern,15,22,3,40,
2025-08-17,Eduardo Menezes,Air Products & Chemicals,3,6,1,10,
2025-08-17,Shelley Simpson,JB Hunt Transport Services,6,31,3,40,
2025-08-17,Daniel Fisher,Ball,3,19,4,26,
2025-08-17,Sean Connolly,Conagra Brands,6,32,2,40,
2025-08-17,Stephen Steinour,Huntington Bancshares,2,8,0,10,
2025-08-17,James Snee,Hormel Foods,3,29,1,33,
2025-08-17,Joseph Nolan,Eversource Energy,5,3,1,9,
2025-08-17,William Oplinger,Alcoa,6,18,5,29,
2025-08-17,Andrew Marsh,Entergy,3,5,0,8,
2025-08-17,Keith Demmings,Assurant,3,8,0,11,
2025-08-17,Sumit Singh,Chewy,16,20,4,40,
2025-08-17,Niraj Shah,Wayfair,7,25,8,40,
2025-08-17,Joseph Ferraro,Avis Budget,3,6,1,10,
2025-08-17,Jeffrey Sprecher,Intercontinental Exchange,13,24,3,40,
2025-08-17,Benito Minicucci,Alaska Air,2,6,1,9,
2025-08-17,Malcolm Wilson,GXO Logistics,6,24,0,30,
2025-08-17,Eric Hansotia,AGCO,17,22,1,40,
2025-08-17,Kathleen Mazzarella,Graybar Electric,1,9,0,10,
2025-08-17,Gavin Hattersley,Molson Coors Beverage,2,31,7,40,
2025-08-17,Patrick Gallagher,Arthur J Gallagher,11,27,2,40,
2025-08-17,Christopher Kastner,Huntington Ingalls Industries,2,4,1,7,
2025-08-17,Erik Fyrwald,International Flavors & Fragrances,7,8,2,17,
2025-08-17,Ricardo Cardenas,Darden Restaurants,4,4,1,9,
2025-08-17,Stephen Spray,Cincinnati Financial,1,5,4,10,
2025-08-17,Scott Boatwright,Chipotle Mexican Grill,7,29,4,40,
2025-08-17,Joey Wat,Yum China,12,26,2,40,
2025-08-17,Robert Goldstein,Las Vegas Sands,3,32,5,40,
2025-08-17,Kecia Steelman,Ulta Beauty,31,8,1,40,
2025-08-17,Thomas Reeg,Caesars Entertainment,4,5,1,10,
2025-08-17,Jon Rousseau,BrightSpring Health Services,20,19,1,40,
2025-08-17,William Krueger,Andersons,0,4,0,4,
2025-08-17,Michele Buck,Hershey,9,29,2,40,
2025-08-17,Christopher Nassetta,Hilton,16,22,2,40,
2025-08-17,Bruce Bodine,Mosaic,3,7,0,10,
2025-08-17,Brian Chesky,Airbnb,1,31,8,40,
2025-08-17,Kaes Van’t Hof,Diamondback Energy,24,13,2,39,
2025-08-17,Steven Vondran,American Tower,4,7,0,11,
2025-08-17,Reshma Kewalramani,Vertex Pharmaceuticals,20,17,3,40,
2025-08-17,William McDermott,ServiceNow,3,6,0,9,
2025-08-17,Brian Chambers,Owens Corning,3,12,1,16,
2025-08-17,Teresa Rasmussen,Thrivent Financial for Lutherans,3,2,0,5,
2025-08-17,Shane O'Kelly,Advance Auto Parts,15,22,3,40,
2025-08-17,Douglas Yearley,Toll Brothers,9,24,5,38,
2025-08-17,Jeffrey Lorberbaum,Mohawk Industries,10,5,1,16,
2025-08-17,Gregory Brown,Motorola Solutions,1,9,0,10,
2025-08-17,John Pfeifer,Oshkosh,6,26,4,36,
2025-08-17,Tony Xu,DoorDash,13,20,7,40,
2025-08-17,Edward Pesicka,Owens & Minor,2,29,2,33,
2025-08-17,Eugene Bredow,NVR,0,4,0,4,
2025-08-17,Philippe Krakowsky,Interpublic,15,21,4,40,
2025-08-17,Horacio Rozanski,Booz Allen Hamilton,15,20,5,40,
2025-08-17,Michael O’Sullivan,Burlington Stores,9,28,3,40,
2025-08-17,Daniel Wall,Expeditors International of Washington,5,3,0,8,
2025-08-17,Calvin McDonald,Lululemon athletica,9,30,1,40,
2025-08-17,Stephanie Ferris,Fidelity National Information,14,19,4,37,
2025-08-17,Richard Handler,Jefferies Financial,5,8,8,21,
2025-08-17,Alan Armstrong,Williams,23,13,4,40,
2025-08-17,Bracken Darrell,VF Corporation,8,28,4,40,
2025-08-17,Mikael Bratt,Autoliv,6,9,2,17,
2025-08-17,Rafael Santana,Westinghouse Air Brake Technologies,5,6,0,11,
2025-08-17,Ralph LaRossa,Public Service Enterprise,7,16,0,23,
2025-08-17,Jamie Iannone,Ebay,19,16,5,40,
2025-08-17,Scott Richardson,Celanese,7,28,5,40,
2025-08-17,Cameron Bready,Global Payments,8,29,3,40,
2025-08-17,Robert Thomson,News Corp,7,27,5,39,
2025-08-17,Robert Martin,THOR Industries,4,5,1,10,
2025-08-17,David Rawlinson II,QVC,6,13,2,21,
2025-08-17,Andrew Teno,Icahn Enterprises,5,6,0,11,
2025-08-17,William Newlands,Constellation Brands,0,2,2,4,
2025-08-17,James Davis,Quest Diagnostics,4,5,1,10,
2025-08-17,Richard Wallace,KLA,2,5,0,7,
2025-08-17,Julian Francis,QXO Building Products,0,0,0,0,
2025-08-17,John Christmann IV,APA,5,5,0,10,
2025-08-17,Gregory Roberts,A-Mark Precious Metals,2,2,1,5,
2025-08-17,Christopher Viehbacher,Biogen,0,27,2,29,
2025-08-17,Mick Beekhuizen,Campbell's,6,23,3,32,
2025-08-17,Christopher Caldwell,Concentrix,2,6,0,8,
2025-08-17,Todd Schneider,Cintas,11,17,1,29,
2025-08-17,Tony Sarsam,SpartanNash,17,20,3,40,
2025-08-17,John Venhuizen,Ace Hardware,16,23,1,40,
2025-08-17,Vincent Roche,Analog Devices,15,23,2,40,
2025-08-17,Mark Costa,Eastman Chemical,7,16,4,27,
2025-08-17,Milan Galik,Interactive Brokers,6,15,0,21,
2025-08-17,John Turner,Regions Financial,19,19,2,40,
2025-08-17,Joanna Geraghty,JetBlue Airways,17,16,7,40,
2025-08-17,Kristin Peck,Zoetis,11,18,1,30,
2025-08-17,Christopher Gorman,KeyCorp,4,6,0,10,
2025-08-17,Mark Bertolini,Oscar Health,13,18,8,39,
2025-08-17,Brendan McCracken,Ovintiv,6,5,1,12,
2025-08-17,Robert Steer,Seaboard,1,4,0,5,
2025-08-17,Gil West,Hertz,7,26,7,40,
2025-08-17,Robert Greenberg,Skechers,7,31,2,40,
2025-08-17,Dennis Mathew,Altice,5,26,7,38,
2025-08-17,Clay Williams,NOV,12,22,4,38,
2025-08-17,Michael Doss,Graphic Packaging,6,9,1,16,
2025-08-17,Deon Stander,Avery Dennison,0,11,0,11,
2025-08-17,Adaire Fox-Martin,Equinix,16,19,3,38,
2025-08-17,Joyce Mullen,Insight Enterprises,6,12,1,19,
2025-08-17,Jennifer Witz,Sirius XM,6,15,6,27,
2025-08-17,Stefan Larsson,PVH,8,26,6,40,
2025-08-17,Jason Wells,CenterPoint Energy,22,13,5,40,
2025-08-17,Scott Lauber,WEC Energy,16,6,0,22,
2025-08-17,Matthew Pine,Xylem,2,10,1,13,
2025-08-17,Jennifer Johnson,Franklin Resources,1,8,1,10,
2025-08-17,Vincent Sorgi,PPL,9,10,1,20,
2025-08-17,Carl Eschenbach,Workday,10,20,10,40,
2025-08-17,Richard Tobin,Dover,3,6,1,10,
2025-08-17,Mark Kowlzan,Packaging Corp of America,1,10,1,12,
2025-08-17,Scott Salmirs,ABM Industries,7,6,1,14,
2025-08-17,Gary Guthart,Intuitive Surgical,10,26,4,40,
2025-08-17,Carl Lindner lll,American Financial,0,0,0,0,
2025-08-17,Blake Moret,Rockwell Automation,13,27,0,40,
2025-08-17,Bryan Hanson,Solventum,7,10,2,19,
2025-08-17,Craig Smiddy,Old Republic International,3,6,1,10,
2025-08-17,Christopher Hilger,Securian Financial,0,5,1,6,
2025-08-17,Hamid Moghadam,Prologis,6,28,6,40,
2025-08-17,Mark Smucker,JM Smucker,10,25,5,40,
2025-08-17,Sheryl Palmer,Taylor Morrison Home,6,13,1,20,
2025-08-17,Mario Harik,XPO,8,31,1,40,
2025-08-17,Heather Lavallee,Voya Financial,6,10,2,18,
2025-08-17,Nikesh Arora,Palo Alto Networks,7,24,9,40,
2025-08-17,Giordano Albertazzi,Vertiv s,0,1,0,1,
2025-08-17,Shankh Mitra,Welltower,17,21,2,40,
2025-08-17,Mary Dillon,Foot Locker,10,24,6,40,
2025-08-17,William Monteleone,Par Pacific,1,7,2,10,
2025-08-17,Kevin Stein,TransDigm,9,10,2,21,
2025-08-17,Peter Matt,Commercial Metals,5,3,0,8,
2025-08-17,Robert Vitale,Post s,0,0,0,0,
2025-08-17,Keith Allman,Masco,6,9,1,16,
2025-08-17,Rusty Rush,Rush Enterprises,16,21,3,40,
2025-08-17,Stuart Bradie,KBR,14,17,4,35,
2025-08-17,Jack Sinclair,Sprouts Farmers Market,13,26,1,40,
2025-08-17,Laura Alber,Williams-Sonoma,11,22,7,40,
2025-08-17,Ivan Tornos,Zimmer Biomet s,1,2,0,3,
2025-08-17,John Mengucci,CACI International,21,17,2,40,
2025-08-17,Steve Sanghi,Microchip Technology,7,29,4,40,
2025-08-17,Albert Nahmad,Watsco,2,6,1,9,
2025-08-17,Christopher Peterson,Newell Brands,1,7,2,10,
2025-08-17,Arie Kotler,ARKO,5,23,0,28,
2025-08-17,Jure Sola,Sanmina,3,14,1,18,
2025-08-17,Andrew Wilson,Electronic Arts,15,17,8,40,
2025-08-17,David Gibbs,Yum Brands,2,37,1,40,
2025-08-17,Daniel Florness,Fastenal,3,6,1,10,
2025-08-17,Garrick Rochow,CMS Energy,12,3,0,15,
2025-08-17,Rodney Sacks,Monster Beverage,16,22,1,39,
2025-08-17,Mark Shapiro,Endeavor,3,35,2,40,
2025-08-17,Toni Townes-Whitley,Science Applications International,12,19,1,32,
2025-08-17,Mark Witkowski,Core & Main,1,6,1,8,
2025-08-17,John Plant,Howmet Aerospace,5,18,2,25,
2025-08-17,James Zallie,Ingredion,4,5,1,10,
2025-08-17,Thomas Hill,Vulcan Materials,4,8,2,14,
2025-08-18,Doug McMillon,Walmart,14,20,6,40,
2025-08-18,Andrew Jassy,Amazon,6,26,5,37,
2025-08-18,Stephen Hemsley,UnitedHealth,8,25,7,40,
2025-08-18,Tim Cook,Apple,14,22,4,40,
2025-08-18,David Joyner,CVS Health,7,29,4,40,
2025-08-18,Warren Buffett,Berkshire Hathaway,12,25,3,40,
2025-08-18,Sundar Pichai,Alphabet,18,17,5,40,
2025-08-18,Darren Woods,Exxon Mobil,11,20,8,39,
2025-08-18,Brian Tyler,McKesson,4,15,4,23,
2025-08-18,Robert Mauch,Cencora,4,6,0,10,
2025-08-18,Jamie Dimon,JPMorgan Chase,10,20,10,40,
2025-08-18,Ron Vachris,Costco,5,33,2,40,
2025-08-18,David Cordani,Cigna,22,15,3,40,
2025-08-18,Satya Nadella,Microsoft,14,17,9,40,
2025-08-18,Jason Hollar,Cardinal Health,14,21,5,40,
2025-08-18,Mike Wirth,Chevron,17,17,6,40,
2025-08-18,Brian Moynihan,Bank of America,3,28,9,40,
2025-08-18,Mary Barra,General Motors,11,25,4,40,
2025-08-18,Jim Farley,Ford Motor,13,22,5,40,
2025-08-18,Gail Boudreaux,Elevance Health,15,18,7,40,
2025-08-18,Jane Fraser,Citi,12,22,6,40,
2025-08-18,Mark Zuckerberg,Meta,12,22,6,40,
2025-08-18,Sarah London,Centene,11,21,8,40,
2025-08-18,Ted Decker,Home Depot,10,28,2,40,
2025-08-18,Priscilla Almodovar,Fannie Mae,10,16,13,39,
2025-08-18,Tim Wentworth,Walgreens,8,21,10,39,
2025-08-18,Ron Sargent,Kroger,7,9,7,23,
2025-08-18,Mark Lashier,Phillips 66,9,20,9,38,
2025-08-18,Maryann Mannen,Marathon Petroleum,6,14,1,21,
2025-08-18,Hans Vestberg,Verizon,17,19,4,40,
2025-08-18,Jensen Huang,Nvidia,14,21,5,40,
2025-08-18,David Solomon,Goldman Sachs,2,22,16,40,
2025-08-18,Charles Scharf,Wells Fargo,27,8,5,40,
2025-08-18,Lane Riggs,Valero Energy,13,9,0,22,
2025-08-18,Brian Roberts,Comcast,10,27,3,40,
2025-08-18,Jon Farney,State Farm,10,27,3,40,
2025-08-18,John Stankey,AT&T,12,23,5,40,
2025-08-18,Michael Hutchins,Freddie Mac,3,11,3,17,
2025-08-18,Jim Rechtin,Humana,18,18,4,40,
2025-08-18,Ted Pick,Morgan Stanley,16,21,3,40,
2025-08-18,Brian Cornell,Target,8,21,11,40,
2025-08-18,Philip Smith,StoneX,0,9,1,10,
2025-08-18,Elon Musk,Tesla,10,18,12,40,
2025-08-18,Michael Dell,Dell Technologies,12,25,3,40,
2025-08-18,Ramon Laguarta,PepsiCo,9,28,3,40,
2025-08-18,Bob Iger,Walt Disney,11,26,3,40,
2025-08-18,Carol Tomé,UPS,9,20,11,40,
2025-08-18,Joaquin Duato,Johnson & Johnson,8,27,5,40,
2025-08-18,Rajesh Subramaniam,FedEx,10,23,0,33,
2025-08-18,Juan Luciano,Archer Daniels Midland,4,21,15,40,
2025-08-18,Jon Moeller,Procter & Gamble,5,30,5,40,
2025-08-18,Marvin Ellison,Lowe's,17,17,6,40,
2025-08-18,Thomas Long,Energy Transfer,9,0,1,10,
2025-08-18,Christopher Calio,RTX,6,11,0,17,
2025-08-18,Susan Morris,Albertsons,9,27,4,40,
2025-08-18,Kevin Hourican,Sysco,10,26,4,40,
2025-08-18,Tricia Griffith,Progressive,12,23,4,39,
2025-08-18,Stephen Squeri,American Express,14,24,2,40,
2025-08-18,James Taiclet,Lockheed Martin,11,18,11,40,
2025-08-18,Michel Khalaf,MetLife,11,17,0,28,
2025-08-18,Samuel Hazen,HCA Healthcare,8,6,0,14,
2025-08-18,Andrew Sullivan,Prudential Financial,14,24,0,38,
2025-08-18,Kelly Ortberg,Boeing,14,21,5,40,
2025-08-18,Joe Creed,Caterpillar,10,26,3,39,
2025-08-18,Robert M Davis,Merck,4,16,0,20,
2025-08-18,Thomas J Wilson,Allstate,1,11,1,13,
2025-08-18,Albert Bourla,Pfizer,21,12,7,40,
2025-08-18,Arvind Krishna,IBM,14,20,6,40,
2025-08-18,Craig DeSanto,New York Life Insurance,3,14,0,17,
2025-08-18,Ed Bastian,Delta Airlines,18,12,9,39,
2025-08-18,Kevin Murphy,Ferguson,7,23,4,34,
2025-08-18,Kirt Walker,Nationwide,14,17,2,33,
2025-08-18,Patrick Zammit,TD Synnex,9,16,0,25,
2025-08-18,Scott Kirby,United Airlines,35,3,2,40,
2025-08-18,Ryan Lance,ConocoPhillips,18,19,3,40,
2025-08-18,Ernie Herrman,TJX,17,22,1,40,
2025-08-18,Bob Michael,AbbVie,0,0,0,0,
2025-08-18,AJ Jim Teague,Enterprise Products Partners,6,8,0,14,
2025-08-18,Christopher Winfrey,Charter Communications,5,14,5,24,
2025-08-18,George Holm,Performance Food,10,22,2,34,
2025-08-18,Robert Isom,American Airlines,7,25,8,40,
2025-08-18,Richard Fairbank,Capital One,15,22,3,40,
2025-08-18,Chuck Robbins,Cisco Systems,12,23,5,40,
2025-08-18,Enrique Lores,HP,12,23,5,40,
2025-08-18,Donnie King,Tyson Foods,10,25,5,40,
2025-08-18,Lip-Bu Tan,Intel,7,23,10,40,
2025-08-18,Safra Catz,Oracle,13,19,8,40,
2025-08-18,Hock Tan,Broadcom,13,23,4,40,
2025-08-18,John May,Deere,8,28,4,40,
2025-08-18,Elliott Hill,Nike,12,24,4,40,
2025-08-18,Timothy M Sweeney,Liberty Mutual Insurance,14,0,0,14,
2025-08-18,Wilfred Chiang,Plains GP,1,1,0,2,
2025-08-18,Juan Andrade,USAA,5,16,0,21,
2025-08-18,Chris Boerner,Bristol-Myers Squibb,10,23,7,40,
2025-08-18,Paul Bay,Ingram Micro,11,24,5,40,
2025-08-18,Phebe Novakovic,General Dynamics,27,9,4,40,
2025-08-18,James Quincey,Coca-Cola,9,29,2,40,
2025-08-18,Thasunda Brown Duckett,TIAA,19,20,0,39,
2025-08-18,Alan Schnitzer,Travelers,14,18,8,40,
2025-08-18,David Ricks,Eli Lilly,9,22,9,40,
2025-08-18,Dara Khosrowshahi,Uber,13,23,4,40,
2025-08-18,Roger Crandall,Mass Mutual,3,7,0,10,
2025-08-18,Marc Casper,Thermo Fisher Scientific,13,24,3,40,
2025-08-18,Gunjan Kedia,US Bancorp,9,28,3,40,
2025-08-18,Michael Kasbar,World Kinect,2,10,0,12,
2025-08-18,Robert Ford,Abbott Laboratories,14,21,5,40,
2025-08-18,Corie Barry,Best Buy,38,2,0,40,
2025-08-18,Tim Gerend,Northwestern Mutual,14,25,1,40,
2025-08-18,Kathy Warden,Northrop Grumman,16,21,3,40,
2025-08-18,Joe Zubretsky,Molina Healthcare,8,6,4,18,
2025-08-18,Todd Vasos,Dollar General,6,22,12,40,
2025-08-18,Robin Vince,Bank of New York,19,17,4,40,
2025-08-18,David Zaslav,Warner Bros Discovery,8,22,10,40,
2025-08-18,Jay Debertin,CHS,4,8,4,16,
2025-08-18,Ted Sarandos,Netflix,12,26,2,40,
2025-08-18,Cristiano Amon,Qualcomm,12,26,1,39,
2025-08-18,Larry Culp,General Electric,11,26,3,40,
2025-08-18,Vimal Kapur,Honeywell,12,28,0,40,
2025-08-18,Marc Benioff,Salesforce,9,24,7,40,
2025-08-18,Jacek Olczak,Philip Morris,11,24,5,40,
2025-08-18,David Flitman,US Foods,1,8,0,9,
2025-08-18,Paul Romanowski,DR Horton,6,15,3,24,
2025-08-18,Bryan DeBoer,Lithia Motors,12,26,2,40,
2025-08-18,Dirk Van de Put,Mondelez,14,23,3,40,
2025-08-18,Brian Niccol,Starbucks,9,31,0,40,
2025-08-18,Ryan McInerney,Visa,16,20,4,40,
2025-08-18,Robert Sulentic,CBRE,1,7,1,9,
2025-08-18,Jonathan Jaffe,Lennar,2,7,1,10,
2025-08-18,Scott Strazik,GE Vernova,11,24,5,40,
2025-08-18,William Demchak,PNC,14,21,5,40,
2025-08-18,Jennifer Rumsey,Cummins,8,27,5,40,
2025-08-18,Preston Feight,Paccar,8,29,2,39,
2025-08-18,Robert Bradway,Amgen,9,28,3,40,
2025-08-18,Matthew Lucey,PBF Energy,6,2,1,9,
2025-08-18,Pat Geraghty,GuideWell Mutual,2,7,0,9,
2025-08-18,Alex Chriss,PayPal,13,25,2,40,
2025-08-18,Sandy Douglas,United Natural Foods,35,5,0,40,
2025-08-18,Michael Creedon,Dollar Tree,3,35,2,40,
2025-08-18,Leon Topalian,Nucor,15,22,3,40,
2025-08-18,Roger Penske,Penske Automotive,18,21,1,40,
2025-08-18,Bom Kim,Coupang,10,29,1,40,
2025-08-18,Antonio Neri,Hewlett Packard,8,23,9,40,
2025-08-18,Harry Sideris,Duke Energy,35,4,0,39,
2025-08-18,Joseph Bae,KKR,20,18,2,40,
2025-08-18,Brian Robbins,Paramount Global,7,28,1,36,
2025-08-18,Michael Dastoor,Jabil,1,5,0,6,
2025-08-18,Daniel O'Day,Gilead Sciences,20,17,3,40,
2025-08-18,Tim Go,HF Sinclair,6,4,0,10,
2025-08-18,William Nash,CarMax,4,3,2,9,
2025-08-18,Michael Miebach,Mastercard,9,27,4,40,
2025-08-18,Lawrence Coben,NRG Energy,7,2,0,9,
2025-08-18,Sean Kerins,Arrow Electronics,3,12,0,15,
2025-08-18,Lorenzo Simonelli,Baker Hughes,16,20,4,40,
2025-08-18,Bob Jordan,Southwest Airlines,12,21,7,40,
2025-08-18,Peter Zaffino,American International,8,24,3,35,
2025-08-18,Gary Dickerson,Applied Materials,6,23,11,40,
2025-08-18,Vicki Hollub,Occidental Petroleum,19,17,3,39,
2025-08-18,Michael Manley,AutoNation,3,6,1,10,
2025-08-18,Christopher Womack,Southern,2,8,0,10,
2025-08-18,Christopher Swift,Hartford Insurance,6,4,0,10,
2025-08-18,Marc Rowan,Apollo Global Management,15,21,4,40,
2025-08-18,Rick Wurster,Charles Schwab,16,20,3,39,
2025-08-18,Chris Kempczinski,McDonald's,13,18,9,40,
2025-08-18,Carlos Abrams-Rivera,Kraft Heinz,12,21,7,40,
2025-08-18,Lisa Su,Advanced Micro Devices,17,18,5,40,
2025-08-18,William H Rogers Jr,Truist Financial,2,8,0,10,
2025-08-18,Kathleen Quirk,Freeport-McMoRan,14,18,3,35,
2025-08-18,Sanjay Mehrotra,Micron Technology,19,19,2,40,
2025-08-18,Anthony Capuano,Marriott International,12,24,4,40,
2025-08-18,David Gitlin,Carrier Global,18,21,1,40,
2025-08-18,John Ketchum,NextEra Energy,21,18,1,40,
2025-08-18,William M Brown,3M,2,8,0,10,
2025-08-18,John Doyle,Marsh & McLennan,12,8,1,21,
2025-08-18,Patricia Poppe,PG&E,8,15,2,25,
2025-08-18,Jim Vena,Union Pacific,18,21,0,39,
2025-08-18,Brian Doubles,Synchrony Financial,5,7,2,14,
2025-08-18,Rainer Blair,Danaher,6,14,1,21,
2025-08-18,Philip Gallagher,Avnet,1,5,0,6,
2025-08-18,Glenn Fogel,Booking s,0,4,1,5,
2025-08-18,Ezra Yacob,EOG Resources,23,14,0,37,
2025-08-18,Earl Austin,Quanta Services,3,3,2,8,
2025-08-18,Michael Shepherd,Discover Financial,9,14,2,25,
2025-08-18,Joseph Dominguez,Constellation Energy,15,9,1,25,
2025-08-18,William Stengel II,Genuine Parts,0,4,0,4,
2025-08-18,Christian Ulbrich,Jones Lang LaSalle,8,20,0,28,
2025-08-18,Raymond E Scott,Lear Corporation,6,3,0,9,
2025-08-18,Michael Rapino,Live Nation Entertainment,12,24,4,40,
2025-08-18,Heidi Petz,Sherwin-Williams,7,28,3,38,
2025-08-18,Calvin G Butler Jr,Exelon,6,5,0,11,
2025-08-18,Tony Spring,Macy's,11,26,3,40,
2025-08-18,Jeff Miller,Halliburton,16,20,4,40,
2025-08-18,Kevin Lobo,Stryker,12,26,2,40,
2025-08-18,Tony Cheng,Reinsurance of America,0,0,0,0,
2025-08-18,Ronald P O'Hanley,State Street,5,15,0,20,
2025-08-18,John Engel,WESCO International,5,9,1,15,
2025-08-18,Pierce Norton II,Oneok,5,3,1,9,
2025-08-18,Shantanu Narayen,Adobe,19,20,1,40,
2025-08-18,Bill Westrate,American Family Insurance,9,16,2,27,
2025-08-18,Chris Kubasik,L3Harris Technologies,5,13,1,19,
2025-08-18,James Conroy,Ross Stores,4,11,0,15,
2025-08-18,Christine Leahy,CDW,0,8,2,10,
2025-08-18,Saumya Sutaria,Tenet Healthcare,5,4,1,10,
2025-08-18,Bob Eddy,BJ's Wholesale Club,6,32,2,40,
2025-08-18,Mike Lyons,Fiserv,4,10,0,14,
2025-08-18,William Gifford,Altria,2,6,1,9,
2025-08-18,Laurence Fink,BlackRock,17,16,7,40,
2025-08-18,Thomas Polen,Becton Dickinson,7,3,0,10,
2025-08-18,Noel Wallace,Colgate-Palmolive,9,24,2,35,
2025-08-18,Michael Hsu,Kimberly-Clark,6,5,2,13,
2025-08-18,Daryl Kenningham,1 Automotive,8,21,1,30,
2025-08-18,Jennifer Parmentier,Parker-Hannifin,2,12,0,14,
2025-08-18,Jeffrey Harmening,General Mills,6,17,5,28,
2025-08-18,Ravi Kumar S,Cognizant Technology,9,25,3,37,
2025-08-18,William Fehrman,American Electric Power,4,6,0,10,
2025-08-18,Peter Arduini,GE HealthCare Technologies,6,11,0,17,
2025-08-18,Maria Black,Automatic Data Processing,4,5,0,9,
2025-08-18,Lourenco Goncalves,Cleveland-Cliffs,8,21,11,40,
2025-08-18,Daniel Amos,Aflac,3,3,3,9,
2025-08-18,Mark Stewart,Goodyear Tire & Rubber,4,34,2,40,
2025-08-18,Kevin Hogan,Corebridge Financial,6,11,0,17,
2025-08-18,Thomas Palmer,Newmont,5,5,0,10,
2025-08-18,Andrew Silvernail,International Paper,6,23,0,29,
2025-08-18,Philip Daniele III,AutoZone,0,1,0,1,
2025-08-18,Ellen Cooper,Lincoln National,4,6,0,10,
2025-08-18,Ryan Marshall,Pulte,7,6,8,21,
2025-08-18,James Cracchiolo,Ameriprise Financial,2,25,2,29,
2025-08-18,Andrew Clyde,Murphy USA,14,25,1,40,
2025-08-18,Jonas Prising,Manpower,9,6,1,16,
2025-08-18,David Bozeman,CH Robinson Worldwide,2,7,1,10,
2025-08-18,Timothy Knavish,PPG Industries,1,2,0,3,
2025-08-18,Pedro Pizarro,Edison International,15,8,17,40,
2025-08-18,Mark Millett,Steel Dynamics,15,3,0,18,
2025-08-18,Benjamin Tisch,Loews,2,7,0,9,
2025-08-18,Karsanbhai,Emerson Electric,10,18,3,31,
2025-08-18,John Zillmer,Aramark,8,16,2,26,
2025-08-18,William Hornbuckle,MGM Resorts International,5,25,1,31,
2025-08-18,James Burke,Vistra,6,3,0,9,
2025-08-18,David Hult,Asbury Automotive,8,31,1,40,
2025-08-18,DG Macpherson,WW Grainger,3,6,1,10,
2025-08-18,Eric Slifka,Global Partners,13,23,4,40,
2025-08-18,Bob Pragada,Jacobs Solutions,6,8,0,14,
2025-08-18,Charles Magro,Corteva,5,3,1,9,
2025-08-18,Rick Lanoha,Peter Kiewit Sons',0,2,0,2,
2025-08-18,Michael Mahoney,Boston Scientific,10,27,1,38,
2025-08-18,Brad Beckham,O'Reilly Automotive,5,15,1,21,
2025-08-18,Thomas Bell,Leidos,8,18,1,27,
2025-08-18,Thomas Gayner,Markel,4,10,2,16,
2025-08-18,Marc Bitzer,Whirlpool,11,15,14,40,
2025-08-18,Andrew McMahon,Guardian Life,5,13,0,18,
2025-08-18,Peter Jackson,Builders FirstSource,5,12,1,18,
2025-08-18,Michael Rhodes,Ally Financial,10,24,5,39,
2025-08-18,Matthew Meloy,Targa Resources,5,5,0,10,
2025-08-18,James Breuer,Fluor,1,2,1,4,
2025-08-18,Sasan Goodarzi,Intuit,10,26,4,40,
2025-08-18,Troy Rudd,AECOM,7,23,5,35,
2025-08-18,Penny Pennington,Edward Jones,6,29,5,40,
2025-08-18,Michael Bender,Kohl's,1,25,14,40,
2025-08-18,Beth Ford,Land O'Lakes,19,20,1,40,
2025-08-18,Deanna Strable-Soethout,Principal Financial,1,7,0,8,
2025-08-18,Robert Blue,Dominion Energy,27,10,2,39,
2025-08-18,Martin Schroeter,Kyndryl s,0,10,0,10,
2025-08-18,Jon Vander Ark,Republic Services,10,20,10,40,
2025-08-18,Clay Gaspar,Devon Energy,19,3,0,22,
2025-08-18,Christopher O'Herlihy,Illinois Tool Works,2,5,2,9,
2025-08-18,Michael O'Grady,Northern Trust,23,7,1,31,
2025-08-18,Jamie Whisnant,Auto-Owners Insurance,0,2,0,2,
2025-08-18,Marc Miller,Universal Health Services,3,20,3,26,
2025-08-18,Darryl Button,Pacific Life,1,6,0,7,
2025-08-18,Hamid Akhavan,EchoStar,4,25,11,40,
2025-08-18,Christophe Beck,Ecolab,18,22,0,40,
2025-08-18,Jack Fusco,Cheniere Energy,17,20,3,40,
2025-08-18,John Wren,Omnicom,9,21,10,40,
2025-08-18,Haviv Ilan,Texas Instruments,13,25,2,40,
2025-08-18,David Burritt,United States Steel,9,17,14,40,
2025-08-18,Stéphane de La Faverie,Estée Lauder,13,24,3,40,
2025-08-18,Raul Nicholas Vargas Ochoa,Farmers Insurance Exchange,0,0,0,0,
2025-08-18,Thibaut Mongon,Kenvue,8,29,3,40,
2025-08-18,Ari Bousbib,IQVIA s,0,0,0,0,
2025-08-18,Donald Allan,Stanley Black & Decker,10,29,1,40,
2025-08-18,Timothy Cofer,Keurig Dr Pepper,2,2,1,5,
2025-08-18,Matthew Flannery,United Rentals,32,3,0,35,
2025-08-18,Timothy Cawley,Consolidated Edison,5,5,0,10,
2025-08-18,Adam Norwitt,Amphenol,3,13,0,16,
2025-08-18,Brent Shafer,Baxter International,1,10,0,11,
2025-08-18,Kimberly Dang,Kinder Morgan,9,1,0,10,
2025-08-18,Erik Nordstrom,Nordstrom,7,27,5,39,
2025-08-18,Frank Holding,First Citizens BancShares,10,16,2,28,
2025-08-18,Paul Shoukry,Raymond James Financial,14,25,1,40,
2025-08-18,Timothy Archer,Lam Research,2,7,1,10,
2025-08-18,Harry Lawton III,Tractor Supply,1,1,0,2,
2025-08-18,Darren Rebelez,Casey's General Stores,15,23,2,40,
2025-08-18,Scott Smith,Viatris,7,3,0,10,
2025-08-18,James Blackledge,Mutual of Omaha Insurance,0,6,0,6,
2025-08-18,Anthony Guzzi,EMCOR,4,3,0,7,
2025-08-18,Joseph Hinrichs,CSX,5,9,1,15,
2025-08-18,Justin Jude,LKQ,4,6,1,11,
2025-08-18,Judith Marks,Otis Worldwide,3,3,0,6,
2025-08-18,David Bruton Smith,Sonic Automotive,4,9,9,22,
2025-08-18,Martina Cheung,S&P Global,11,24,0,35,
2025-08-18,Leonard Schleifer,Regeneron Pharmaceuticals,5,27,8,40,
2025-08-18,Joseph Fadool,BorgWarner,4,10,0,14,
2025-08-18,Lachlan Murdoch,Fox,5,29,6,40,
2025-08-18,Karla Lewis,Reliance,3,6,1,10,
2025-08-18,John Barrett,Western & Southern Financial,7,31,2,40,
2025-08-18,Scott Donnelly,Textron,9,28,3,40,
2025-08-18,Ariane Gorin,Expedia,9,29,1,39,
2025-08-18,Michael Nolan,Fidelity National Financial,4,0,0,4,
2025-08-18,Ernest Garcia III,Carvana,23,13,4,40,
2025-08-18,Raul Fernandez,DXC Technology,4,33,1,38,
2025-08-18,Robert Berkley,WR Berkley,8,28,4,40,
2025-08-18,René Jones,M&T Bank,12,24,4,40,
2025-08-18,Lauren Hobart,Dick's Sporting Goods,8,28,4,40,
2025-08-18,Robert Frenzel,Xcel Energy,4,2,1,7,
2025-08-18,Timothy Spence,Fifth Third Bancorp,5,5,0,10,
2025-08-18,Stephen Schwarzman,Blackstone,20,17,3,40,
2025-08-18,Walker Martin,Sempra,0,3,0,3,
2025-08-18,Timothy NeCastro,Erie Insurance,2,7,1,10,
2025-08-18,Wendell Weeks,Corning,14,24,2,40,
2025-08-18,Kathleen Johnson,Lumen Technologies,3,4,1,8,
2025-08-18,Brian Tierney,FirstEnergy,4,20,2,26,
2025-08-18,Adam Schechter,Labcorp,7,20,1,28,
2025-08-18,Tiang Yew Tan,Western Digital,2,0,0,2,
2025-08-18,Richard McKenney,Unum,4,5,0,9,
2025-08-18,Javier Rodriguez,DaVita,13,14,1,28,
2025-08-18,Steven Cahillane,Kellanova,2,7,0,9,
2025-08-18,Stanley Bergman,Henry Schein,11,28,1,40,
2025-08-18,Robert Sanchez,Ryder System,10,11,1,22,
2025-08-18,Tim Hingtgen,Community Health Systems,11,27,2,40,
2025-08-18,Avigal Soreq,Delek US,3,11,5,19,
2025-08-18,Gerardo Norcia,DTE Energy,7,2,0,9,
2025-08-18,Mark Pearson,Equitable,7,9,0,16,
2025-08-18,Lori Koch,DuPont,8,18,0,26,
2025-08-18,Rich Steinmeier,LPL Financial,24,14,2,40,
2025-08-18,Bruce Van Saun,Citizens Financial,12,26,2,40,
2025-08-18,José Mas,MasTec,7,14,2,23,
2025-08-18,Andrés Gluski,AES,16,23,0,39,
2025-08-18,Kevin Kwilinski,Berry Global,8,19,0,27,
2025-08-18,Mark George,Norfolk Southern,15,22,3,40,
2025-08-18,Eduardo Menezes,Air Products & Chemicals,2,7,1,10,
2025-08-18,Shelley Simpson,JB Hunt Transport Services,6,31,3,40,
2025-08-18,Daniel Fisher,Ball,3,20,4,27,
2025-08-18,Sean Connolly,Conagra Brands,7,31,2,40,
2025-08-18,Stephen Steinour,Huntington Bancshares,2,8,0,10,
2025-08-18,James Snee,Hormel Foods,3,29,1,33,
2025-08-18,Joseph Nolan,Eversource Energy,4,4,1,9,
2025-08-18,William Oplinger,Alcoa,6,18,6,30,
2025-08-18,Andrew Marsh,Entergy,3,5,0,8,
2025-08-18,Keith Demmings,Assurant,3,8,0,11,
2025-08-18,Sumit Singh,Chewy,15,21,4,40,
2025-08-18,Niraj Shah,Wayfair,9,24,7,40,
2025-08-18,Joseph Ferraro,Avis Budget,3,6,1,10,
2025-08-18,Jeffrey Sprecher,Intercontinental Exchange,13,24,3,40,
2025-08-18,Benito Minicucci,Alaska Air,3,5,1,9,
2025-08-18,Malcolm Wilson,GXO Logistics,7,23,0,30,
2025-08-18,Eric Hansotia,AGCO,17,20,1,38,
2025-08-18,Kathleen Mazzarella,Graybar Electric,1,9,0,10,
2025-08-18,Gavin Hattersley,Molson Coors Beverage,2,31,7,40,
2025-08-18,Patrick Gallagher,Arthur J Gallagher,12,26,2,40,
2025-08-18,Christopher Kastner,Huntington Ingalls Industries,2,4,0,6,
2025-08-18,Erik Fyrwald,International Flavors & Fragrances,7,7,2,16,
2025-08-18,Ricardo Cardenas,Darden Restaurants,4,4,1,9,
2025-08-18,Stephen Spray,Cincinnati Financial,1,5,4,10,
2025-08-18,Scott Boatwright,Chipotle Mexican Grill,6,29,5,40,
2025-08-18,Joey Wat,Yum China,13,24,3,40,
2025-08-18,Robert Goldstein,Las Vegas Sands,4,31,5,40,
2025-08-18,Kecia Steelman,Ulta Beauty,31,8,1,40,
2025-08-18,Thomas Reeg,Caesars Entertainment,4,6,0,10,
2025-08-18,Jon Rousseau,BrightSpring Health Services,20,19,1,40,
2025-08-18,William Krueger,Andersons,0,4,0,4,
2025-08-18,Michele Buck,Hershey,8,30,2,40,
2025-08-18,Christopher Nassetta,Hilton,15,22,3,40,
2025-08-18,Bruce Bodine,Mosaic,3,7,0,10,
2025-08-18,Brian Chesky,Airbnb,2,31,7,40,
2025-08-18,Kaes Van’t Hof,Diamondback Energy,24,13,2,39,
2025-08-18,Steven Vondran,American Tower,4,7,0,11,
2025-08-18,Reshma Kewalramani,Vertex Pharmaceuticals,21,16,3,40,
2025-08-18,William McDermott,ServiceNow,4,5,0,9,
2025-08-18,Brian Chambers,Owens Corning,3,12,1,16,
2025-08-18,Teresa Rasmussen,Thrivent Financial for Lutherans,3,2,0,5,
2025-08-18,Shane O'Kelly,Advance Auto Parts,14,23,3,40,
2025-08-18,Douglas Yearley,Toll Brothers,9,23,4,36,
2025-08-18,Jeffrey Lorberbaum,Mohawk Industries,10,5,1,16,
2025-08-18,Gregory Brown,Motorola Solutions,1,9,0,10,
2025-08-18,John Pfeifer,Oshkosh,6,26,4,36,
2025-08-18,Tony Xu,DoorDash,13,20,7,40,
2025-08-18,Edward Pesicka,Owens & Minor,2,30,2,34,
2025-08-18,Eugene Bredow,NVR,0,4,0,4,
2025-08-18,Philippe Krakowsky,Interpublic,15,21,4,40,
2025-08-18,Horacio Rozanski,Booz Allen Hamilton,16,19,5,40,
2025-08-18,Michael O’Sullivan,Burlington Stores,8,29,3,40,
2025-08-18,Daniel Wall,Expeditors International of Washington,4,3,0,7,
2025-08-18,Calvin McDonald,Lululemon athletica,9,31,0,40,
2025-08-18,Stephanie Ferris,Fidelity National Information,14,19,4,37,
2025-08-18,Richard Handler,Jefferies Financial,5,8,8,21,
2025-08-18,Alan Armstrong,Williams,23,13,4,40,
2025-08-18,Bracken Darrell,VF Corporation,8,28,4,40,
2025-08-18,Mikael Bratt,Autoliv,6,9,2,17,
2025-08-18,Rafael Santana,Westinghouse Air Brake Technologies,5,6,0,11,
2025-08-18,Ralph LaRossa,Public Service Enterprise,7,16,0,23,
2025-08-18,Jamie Iannone,Ebay,18,17,5,40,
2025-08-18,Scott Richardson,Celanese,8,28,4,40,
2025-08-18,Cameron Bready,Global Payments,8,29,3,40,
2025-08-18,Robert Thomson,News Corp,7,26,6,39,
2025-08-18,Robert Martin,THOR Industries,4,5,1,10,
2025-08-18,David Rawlinson II,QVC,6,13,2,21,
2025-08-18,Andrew Teno,Icahn Enterprises,5,6,0,11,
2025-08-18,William Newlands,Constellation Brands,0,2,2,4,
2025-08-18,James Davis,Quest Diagnostics,4,5,1,10,
2025-08-18,Richard Wallace,KLA,2,5,0,7,
2025-08-18,Julian Francis,QXO Building Products,0,0,0,0,
2025-08-18,John Christmann IV,APA,5,5,0,10,
2025-08-18,Gregory Roberts,A-Mark Precious Metals,2,2,1,5,
2025-08-18,Christopher Viehbacher,Biogen,0,27,2,29,
2025-08-18,Mick Beekhuizen,Campbell's,6,23,3,32,
2025-08-18,Christopher Caldwell,Concentrix,2,6,0,8,
2025-08-18,Todd Schneider,Cintas,11,17,1,29,
2025-08-18,Tony Sarsam,SpartanNash,16,22,2,40,
2025-08-18,John Venhuizen,Ace Hardware,16,23,1,40,
2025-08-18,Vincent Roche,Analog Devices,16,22,2,40,
2025-08-18,Mark Costa,Eastman Chemical,7,16,4,27,
2025-08-18,Milan Galik,Interactive Brokers,6,16,0,22,
2025-08-18,John Turner,Regions Financial,19,19,2,40,
2025-08-18,Joanna Geraghty,JetBlue Airways,18,16,6,40,
2025-08-18,Kristin Peck,Zoetis,11,18,1,30,
2025-08-18,Christopher Gorman,KeyCorp,4,6,0,10,
2025-08-18,Mark Bertolini,Oscar Health,13,18,8,39,
2025-08-18,Brendan McCracken,Ovintiv,6,5,1,12,
2025-08-18,Robert Steer,Seaboard,1,4,0,5,
2025-08-18,Gil West,Hertz,7,25,8,40,
2025-08-18,Robert Greenberg,Skechers,7,31,2,40,
2025-08-18,Dennis Mathew,Altice,5,25,7,37,
2025-08-18,Clay Williams,NOV,13,21,4,38,
2025-08-18,Michael Doss,Graphic Packaging,6,9,1,16,
2025-08-18,Deon Stander,Avery Dennison,0,11,0,11,
2025-08-18,Adaire Fox-Martin,Equinix,16,19,3,38,
2025-08-18,Joyce Mullen,Insight Enterprises,6,11,1,18,
2025-08-18,Jennifer Witz,Sirius XM,7,13,5,25,
2025-08-18,Stefan Larsson,PVH,9,25,6,40,
2025-08-18,Jason Wells,CenterPoint Energy,22,13,5,40,
2025-08-18,Scott Lauber,WEC Energy,0,0,0,0,
2025-08-18,Matthew Pine,Xylem,2,10,1,13,
2025-08-18,Jennifer Johnson,Franklin Resources,1,8,1,10,
2025-08-18,Vincent Sorgi,PPL,8,11,1,20,
2025-08-18,Carl Eschenbach,Workday,10,20,10,40,
2025-08-18,Richard Tobin,Dover,3,6,1,10,
2025-08-18,Mark Kowlzan,Packaging Corp of America,1,10,1,12,
2025-08-18,Scott Salmirs,ABM Industries,7,6,1,14,
2025-08-18,Gary Guthart,Intuitive Surgical,11,25,4,40,
2025-08-18,Carl Lindner lll,American Financial,0,0,0,0,
2025-08-18,Blake Moret,Rockwell Automation,13,27,0,40,
2025-08-18,Bryan Hanson,Solventum,7,10,2,19,
2025-08-18,Craig Smiddy,Old Republic International,3,6,1,10,
2025-08-18,Christopher Hilger,Securian Financial,0,5,1,6,
2025-08-18,Hamid Moghadam,Prologis,7,27,6,40,
2025-08-18,Mark Smucker,JM Smucker,10,24,6,40,
2025-08-18,Sheryl Palmer,Taylor Morrison Home,6,12,1,19,
2025-08-18,Mario Harik,XPO,8,31,1,40,
2025-08-18,Heather Lavallee,Voya Financial,6,10,2,18,
2025-08-18,Nikesh Arora,Palo Alto Networks,8,23,9,40,
2025-08-18,Giordano Albertazzi,Vertiv s,0,1,0,1,
2025-08-18,Shankh Mitra,Welltower,17,21,2,40,
2025-08-18,Mary Dillon,Foot Locker,11,24,5,40,
2025-08-18,William Monteleone,Par Pacific,2,6,2,10,
2025-08-18,Kevin Stein,TransDigm,9,9,2,20,
2025-08-18,Peter Matt,Commercial Metals,5,4,0,9,
2025-08-18,Robert Vitale,Post s,0,0,0,0,
2025-08-18,Keith Allman,Masco,6,9,1,16,
2025-08-18,Rusty Rush,Rush Enterprises,17,20,3,40,
2025-08-18,Stuart Bradie,KBR,14,17,4,35,
2025-08-18,Jack Sinclair,Sprouts Farmers Market,14,25,1,40,
2025-08-18,Laura Alber,Williams-Sonoma,11,23,6,40,
2025-08-18,Ivan Tornos,Zimmer Biomet s,1,2,0,3,
2025-08-18,John Mengucci,CACI International,21,17,2,40,
2025-08-18,Steve Sanghi,Microchip Technology,8,29,3,40,
2025-08-18,Albert Nahmad,Watsco,2,6,2,10,
2025-08-18,Christopher Peterson,Newell Brands,1,8,1,10,
2025-08-18,Arie Kotler,ARKO,5,23,0,28,
2025-08-18,Jure Sola,Sanmina,3,15,1,19,
2025-08-18,Andrew Wilson,Electronic Arts,15,17,8,40,
2025-08-18,David Gibbs,Yum Brands,2,37,1,40,
2025-08-18,Daniel Florness,Fastenal,3,6,1,10,
2025-08-18,Garrick Rochow,CMS Energy,12,3,0,15,
2025-08-18,Rodney Sacks,Monster Beverage,16,22,1,39,
2025-08-18,Mark Shapiro,Endeavor,5,34,1,40,
2025-08-18,Toni Townes-Whitley,Science Applications International,13,20,1,34,
2025-08-18,Mark Witkowski,Core & Main,1,6,1,8,
2025-08-18,John Plant,Howmet Aerospace,5,18,2,25,
2025-08-18,James Zallie,Ingredion,4,5,1,10,
2025-08-18,Thomas Hill,Vulcan Materials,4,8,2,14,
2025-08-19,Doug McMillon,Walmart,14,20,6,40,None
2025-08-19,Andrew Jassy,Amazon,6,29,5,40,None
2025-08-19,Stephen Hemsley,UnitedHealth,9,24,7,40,None
2025-08-19,Tim Cook,Apple,18,21,1,40,None
2025-08-19,David Joyner,CVS Health,7,29,4,40,None
2025-08-19,Warren Buffett,Berkshire Hathaway,11,24,5,40,None
2025-08-19,Sundar Pichai,Alphabet,17,18,5,40,None
2025-08-19,Darren Woods,Exxon Mobil,11,21,7,39,None
2025-08-19,Brian Tyler,McKesson,4,15,4,23,None
2025-08-19,Robert Mauch,Cencora,4,6,0,10,None
2025-08-19,Jamie Dimon,JPMorgan Chase,9,20,11,40,None
2025-08-19,Ron Vachris,Costco,7,31,2,40,None
2025-08-19,David Cordani,Cigna,22,15,3,40,None
2025-08-19,Satya Nadella,Microsoft,13,17,10,40,None
2025-08-19,Jason Hollar,Cardinal Health,14,22,4,40,None
2025-08-19,Mike Wirth,Chevron,19,16,5,40,None
2025-08-19,Brian Moynihan,Bank of America,5,25,10,40,None
2025-08-19,Mary Barra,General Motors,11,25,4,40,None
2025-08-19,Jim Farley,Ford Motor,13,21,6,40,None
2025-08-19,Gail Boudreaux,Elevance Health,15,18,7,40,None
2025-08-19,Jane Fraser,Citi,12,22,6,40,None
2025-08-19,Mark Zuckerberg,Meta,16,19,5,40,None
2025-08-19,Sarah London,Centene,12,20,8,40,None
2025-08-19,Ted Decker,Home Depot,11,25,4,40,None
2025-08-19,Priscilla Almodovar,Fannie Mae,10,16,13,39,None
2025-08-19,Tim Wentworth,Walgreens,8,22,9,39,None
2025-08-19,Ron Sargent,Kroger,5,21,14,40,None
2025-08-19,Mark Lashier,Phillips 66,9,20,9,38,None
2025-08-19,Maryann Mannen,Marathon Petroleum,6,14,1,21,None
2025-08-19,Hans Vestberg,Verizon,16,20,4,40,None
2025-08-19,Jensen Huang,Nvidia,12,21,7,40,None
2025-08-19,David Solomon,Goldman Sachs,4,23,13,40,None
2025-08-19,Charles Scharf,Wells Fargo,27,8,5,40,None
2025-08-19,Lane Riggs,Valero Energy,14,9,0,23,None
2025-08-19,Brian Roberts,Comcast,10,28,2,40,None
2025-08-19,Jon Farney,State Farm,10,27,3,40,None
2025-08-19,John Stankey,AT&T,11,24,5,40,None
2025-08-19,Michael Hutchins,Freddie Mac,3,11,3,17,None
2025-08-19,Jim Rechtin,Humana,18,18,4,40,None
2025-08-19,Ted Pick,Morgan Stanley,16,21,3,40,None
2025-08-19,Brian Cornell,Target,9,20,11,40,None
2025-08-19,Philip Smith,StoneX,0,9,1,10,None
2025-08-19,Elon Musk,Tesla,19,15,6,40,None
2025-08-19,Michael Dell,Dell Technologies,13,24,3,40,None
2025-08-19,Ramon Laguarta,PepsiCo,8,27,5,40,None
2025-08-19,Bob Iger,Walt Disney,10,27,3,40,None
2025-08-19,Carol Tomé,UPS,8,21,11,40,None
2025-08-19,Joaquin Duato,Johnson & Johnson,8,26,6,40,None
2025-08-19,Rajesh Subramaniam,FedEx,10,24,0,34,None
2025-08-19,Juan Luciano,Archer Daniels Midland,3,21,16,40,None
2025-08-19,Jon Moeller,Procter & Gamble,6,28,6,40,None
2025-08-19,Marvin Ellison,Lowe's,16,18,5,39,None
2025-08-19,Thomas Long,Energy Transfer,9,0,1,10,None
2025-08-19,Christopher Calio,RTX,6,11,0,17,None
2025-08-19,Susan Morris,Albertsons,9,27,4,40,None
2025-08-19,Kevin Hourican,Sysco,10,27,3,40,None
2025-08-19,Tricia Griffith,Progressive,12,23,4,39,None
2025-08-19,Stephen Squeri,American Express,14,24,2,40,None
2025-08-19,James Taiclet,Lockheed Martin,11,18,11,40,None
2025-08-19,Michel Khalaf,MetLife,12,18,0,30,None
2025-08-19,Samuel Hazen,HCA Healthcare,9,6,0,15,None
2025-08-19,Andrew Sullivan,Prudential Financial,14,24,0,38,None
2025-08-19,Kelly Ortberg,Boeing,13,22,5,40,None
2025-08-19,Joe Creed,Caterpillar,11,25,2,38,None
2025-08-19,Robert M Davis,Merck,3,20,0,23,None
2025-08-19,Thomas J Wilson,Allstate,1,11,1,13,None
2025-08-19,Albert Bourla,Pfizer,19,12,9,40,None
2025-08-19,Arvind Krishna,IBM,14,20,6,40,None
2025-08-19,Craig DeSanto,New York Life Insurance,3,15,0,18,None
2025-08-19,Ed Bastian,Delta Airlines,18,12,9,39,None
2025-08-19,Kevin Murphy,Ferguson,9,26,5,40,None
2025-08-19,Kirt Walker,Nationwide,14,17,2,33,None
2025-08-19,Patrick Zammit,TD Synnex,9,15,0,24,None
2025-08-19,Scott Kirby,United Airlines,34,4,2,40,None
2025-08-19,Ryan Lance,ConocoPhillips,17,20,3,40,None
2025-08-19,Ernie Herrman,TJX,17,22,1,40,None
2025-08-19,Bob Michael,AbbVie,0,0,0,0,None
2025-08-19,AJ Jim Teague,Enterprise Products Partners,6,8,0,14,None
2025-08-19,Christopher Winfrey,Charter Communications,5,14,5,24,None
2025-08-19,George Holm,Performance Food,11,22,2,35,None
2025-08-19,Robert Isom,American Airlines,8,22,10,40,None
2025-08-19,Richard Fairbank,Capital One,17,20,3,40,None
2025-08-19,Chuck Robbins,Cisco Systems,13,23,4,40,None
2025-08-19,Enrique Lores,HP,13,22,5,40,None
2025-08-19,Donnie King,Tyson Foods,12,23,5,40,None
2025-08-19,Lip-Bu Tan,Intel,3,24,13,40,None
2025-08-19,Safra Catz,Oracle,11,21,8,40,None
2025-08-19,Hock Tan,Broadcom,14,22,4,40,None
2025-08-19,John May,Deere,10,26,4,40,None
2025-08-19,Elliott Hill,Nike,8,31,1,40,None
2025-08-19,Timothy M Sweeney,Liberty Mutual Insurance,14,0,0,14,None
2025-08-19,Wilfred Chiang,Plains GP,1,1,0,2,None
2025-08-19,Juan Andrade,USAA,5,15,0,20,None
2025-08-19,Chris Boerner,Bristol-Myers Squibb,10,23,7,40,None
2025-08-19,Paul Bay,Ingram Micro,11,24,5,40,None
2025-08-19,Phebe Novakovic,General Dynamics,27,9,4,40,None
2025-08-19,James Quincey,Coca-Cola,9,29,2,40,None
2025-08-19,Thasunda Brown Duckett,TIAA,20,19,0,39,None
2025-08-19,Alan Schnitzer,Travelers,14,18,8,40,None
2025-08-19,David Ricks,Eli Lilly,8,23,9,40,None
2025-08-19,Dara Khosrowshahi,Uber,13,23,4,40,None
2025-08-19,Roger Crandall,Mass Mutual,3,7,0,10,None
2025-08-19,Marc Casper,Thermo Fisher Scientific,13,24,3,40,None
2025-08-19,Gunjan Kedia,US Bancorp,11,27,2,40,None
2025-08-19,Michael Kasbar,World Kinect,2,10,0,12,None
2025-08-19,Robert Ford,Abbott Laboratories,13,22,5,40,None
2025-08-19,Corie Barry,Best Buy,38,2,0,40,None
2025-08-19,Tim Gerend,Northwestern Mutual,14,25,1,40,None
2025-08-19,Kathy Warden,Northrop Grumman,14,21,5,40,None
2025-08-19,Joe Zubretsky,Molina Healthcare,7,7,4,18,None
2025-08-19,Todd Vasos,Dollar General,6,20,14,40,None
2025-08-19,Robin Vince,Bank of New York,19,18,3,40,None
2025-08-19,David Zaslav,Warner Bros Discovery,7,21,12,40,None
2025-08-19,Jay Debertin,CHS,4,8,3,15,None
2025-08-19,Ted Sarandos,Netflix,12,26,2,40,None
2025-08-19,Cristiano Amon,Qualcomm,11,27,1,39,None
2025-08-19,Larry Culp,General Electric,11,26,3,40,None
2025-08-19,Vimal Kapur,Honeywell,10,30,0,40,None
2025-08-19,Marc Benioff,Salesforce,8,25,7,40,None
2025-08-19,Jacek Olczak,Philip Morris,12,24,4,40,None
2025-08-19,David Flitman,US Foods,1,8,0,9,None
2025-08-19,Paul Romanowski,DR Horton,6,15,3,24,None
2025-08-19,Bryan DeBoer,Lithia Motors,11,26,2,39,None
2025-08-19,Dirk Van de Put,Mondelez,14,23,3,40,None
2025-08-19,Brian Niccol,Starbucks,9,31,0,40,None
2025-08-19,Ryan McInerney,Visa,16,20,4,40,None
2025-08-19,Robert Sulentic,CBRE,1,7,1,9,None
2025-08-19,Jonathan Jaffe,Lennar,2,7,1,10,None
2025-08-19,Scott Strazik,GE Vernova,11,25,4,40,None
2025-08-19,William Demchak,PNC,13,22,5,40,None
2025-08-19,Jennifer Rumsey,Cummins,8,27,5,40,None
2025-08-19,Preston Feight,Paccar,8,27,1,36,None
2025-08-19,Robert Bradway,Amgen,9,28,3,40,None
2025-08-19,Matthew Lucey,PBF Energy,6,2,1,9,None
2025-08-19,Pat Geraghty,GuideWell Mutual,2,6,0,8,None
2025-08-19,Alex Chriss,PayPal,13,25,2,40,None
2025-08-19,Sandy Douglas,United Natural Foods,35,5,0,40,None
2025-08-19,Michael Creedon,Dollar Tree,3,36,1,40,None
2025-08-19,Leon Topalian,Nucor,15,22,3,40,None
2025-08-19,Roger Penske,Penske Automotive,19,20,1,40,None
2025-08-19,Bom Kim,Coupang,10,29,1,40,None
2025-08-19,Antonio Neri,Hewlett Packard,8,23,9,40,None
2025-08-19,Harry Sideris,Duke Energy,35,4,0,39,None
2025-08-19,Joseph Bae,KKR,20,18,2,40,None
2025-08-19,Brian Robbins,Paramount Global,7,28,1,36,None
2025-08-19,Michael Dastoor,Jabil,2,5,0,7,None
2025-08-19,Daniel O'Day,Gilead Sciences,20,17,3,40,None
2025-08-19,Tim Go,HF Sinclair,6,4,0,10,None
2025-08-19,William Nash,CarMax,4,2,2,8,None
2025-08-19,Michael Miebach,Mastercard,10,26,4,40,None
2025-08-19,Lawrence Coben,NRG Energy,7,2,0,9,None
2025-08-19,Sean Kerins,Arrow Electronics,3,14,0,17,None
2025-08-19,Lorenzo Simonelli,Baker Hughes,16,20,4,40,None
2025-08-19,Bob Jordan,Southwest Airlines,10,23,7,40,None
2025-08-19,Peter Zaffino,American International,8,29,3,40,None
2025-08-19,Gary Dickerson,Applied Materials,8,21,11,40,None
2025-08-19,Vicki Hollub,Occidental Petroleum,18,18,3,39,None
2025-08-19,Michael Manley,AutoNation,3,6,1,10,None
2025-08-19,Christopher Womack,Southern,2,8,0,10,None
2025-08-19,Christopher Swift,Hartford Insurance,6,4,0,10,None
2025-08-19,Marc Rowan,Apollo Global Management,16,20,4,40,None
2025-08-19,Rick Wurster,Charles Schwab,15,21,3,39,None
2025-08-19,Chris Kempczinski,McDonald's,13,18,9,40,None
2025-08-19,Carlos Abrams-Rivera,Kraft Heinz,12,22,6,40,None
2025-08-19,Lisa Su,Advanced Micro Devices,15,21,4,40,None
2025-08-19,William H Rogers Jr,Truist Financial,2,7,1,10,None
2025-08-19,Kathleen Quirk,Freeport-McMoRan,14,18,3,35,None
2025-08-19,Sanjay Mehrotra,Micron Technology,17,21,2,40,None
2025-08-19,Anthony Capuano,Marriott International,11,25,4,40,None
2025-08-19,David Gitlin,Carrier Global,18,21,1,40,None
2025-08-19,John Ketchum,NextEra Energy,22,17,1,40,None
2025-08-19,William M Brown,3M,2,8,0,10,None
2025-08-19,John Doyle,Marsh & McLennan,12,10,1,23,None
2025-08-19,Patricia Poppe,PG&E,8,15,2,25,None
2025-08-19,Jim Vena,Union Pacific,20,20,0,40,None
2025-08-19,Brian Doubles,Synchrony Financial,5,6,2,13,None
2025-08-19,Rainer Blair,Danaher,6,13,1,20,None
2025-08-19,Philip Gallagher,Avnet,1,5,0,6,None
2025-08-19,Glenn Fogel,Booking s,0,4,1,5,None
2025-08-19,Ezra Yacob,EOG Resources,23,14,0,37,None
2025-08-19,Earl Austin,Quanta Services,3,3,2,8,None
2025-08-19,Michael Shepherd,Discover Financial,11,14,2,27,None
2025-08-19,Joseph Dominguez,Constellation Energy,15,8,1,24,None
2025-08-19,William Stengel II,Genuine Parts,0,4,0,4,None
2025-08-19,Christian Ulbrich,Jones Lang LaSalle,9,20,0,29,None
2025-08-19,Raymond E Scott,Lear Corporation,5,4,0,9,None
2025-08-19,Michael Rapino,Live Nation Entertainment,12,23,5,40,None
2025-08-19,Heidi Petz,Sherwin-Williams,7,28,3,38,None
2025-08-19,Calvin G Butler Jr,Exelon,6,5,0,11,None
2025-08-19,Tony Spring,Macy's,11,26,3,40,None
2025-08-19,Jeff Miller,Halliburton,15,21,4,40,None
2025-08-19,Kevin Lobo,Stryker,12,26,2,40,None
2025-08-19,Tony Cheng,Reinsurance of America,0,0,0,0,None
2025-08-19,Ronald P O'Hanley,State Street,5,15,0,20,None
2025-08-19,John Engel,WESCO International,5,10,1,16,None
2025-08-19,Pierce Norton II,Oneok,5,3,1,9,None
2025-08-19,Shantanu Narayen,Adobe,20,19,1,40,None
2025-08-19,Bill Westrate,American Family Insurance,9,16,2,27,None
2025-08-19,Chris Kubasik,L3Harris Technologies,5,13,0,18,None
2025-08-19,James Conroy,Ross Stores,4,11,0,15,None
2025-08-19,Christine Leahy,CDW,0,8,2,10,None
2025-08-19,Saumya Sutaria,Tenet Healthcare,4,4,1,9,None
2025-08-19,Bob Eddy,BJ's Wholesale Club,6,31,3,40,None
2025-08-19,Mike Lyons,Fiserv,4,10,0,14,None
2025-08-19,William Gifford,Altria,2,5,1,8,None
2025-08-19,Laurence Fink,BlackRock,17,16,7,40,None
2025-08-19,Thomas Polen,Becton Dickinson,7,3,0,10,None
2025-08-19,Noel Wallace,Colgate-Palmolive,11,23,2,36,None
2025-08-19,Michael Hsu,Kimberly-Clark,6,5,2,13,None
2025-08-19,Daryl Kenningham,1 Automotive,9,20,1,30,None
2025-08-19,Jennifer Parmentier,Parker-Hannifin,2,12,0,14,None
2025-08-19,Jeffrey Harmening,General Mills,5,17,5,27,None
2025-08-19,Ravi Kumar S,Cognizant Technology,9,25,3,37,None
2025-08-19,William Fehrman,American Electric Power,4,6,0,10,None
2025-08-19,Peter Arduini,GE HealthCare Technologies,6,12,0,18,None
2025-08-19,Maria Black,Automatic Data Processing,4,6,0,10,None
2025-08-19,Lourenco Goncalves,Cleveland-Cliffs,8,21,11,40,None
2025-08-19,Daniel Amos,Aflac,3,4,3,10,None
2025-08-19,Mark Stewart,Goodyear Tire & Rubber,4,34,2,40,None
2025-08-19,Kevin Hogan,Corebridge Financial,5,11,0,16,None
2025-08-19,Thomas Palmer,Newmont,5,5,0,10,None
2025-08-19,Andrew Silvernail,International Paper,6,23,0,29,None
2025-08-19,Philip Daniele III,AutoZone,0,1,0,1,None
2025-08-19,Ellen Cooper,Lincoln National,4,6,0,10,None
2025-08-19,Ryan Marshall,Pulte,6,7,7,20,None
2025-08-19,James Cracchiolo,Ameriprise Financial,2,25,2,29,None
2025-08-19,Andrew Clyde,Murphy USA,14,25,1,40,None
2025-08-19,Jonas Prising,Manpower,10,6,1,17,None
2025-08-19,David Bozeman,CH Robinson Worldwide,2,7,1,10,None
2025-08-19,Timothy Knavish,PPG Industries,1,2,0,3,None
2025-08-19,Pedro Pizarro,Edison International,15,8,17,40,None
2025-08-19,Mark Millett,Steel Dynamics,15,3,0,18,None
2025-08-19,Benjamin Tisch,Loews,2,7,0,9,None
2025-08-19,Karsanbhai,Emerson Electric,10,18,3,31,None
2025-08-19,John Zillmer,Aramark,8,16,2,26,None
2025-08-19,William Hornbuckle,MGM Resorts International,5,25,1,31,None
2025-08-19,James Burke,Vistra,6,3,0,9,None
2025-08-19,David Hult,Asbury Automotive,8,31,1,40,None
2025-08-19,DG Macpherson,WW Grainger,2,7,1,10,None
2025-08-19,Eric Slifka,Global Partners,13,22,5,40,None
2025-08-19,Bob Pragada,Jacobs Solutions,6,8,0,14,None
2025-08-19,Charles Magro,Corteva,5,3,1,9,None
2025-08-19,Rick Lanoha,Peter Kiewit Sons',0,2,0,2,None
2025-08-19,Michael Mahoney,Boston Scientific,10,26,0,36,None
2025-08-19,Brad Beckham,O'Reilly Automotive,5,15,2,22,None
2025-08-19,Thomas Bell,Leidos,8,18,1,27,None
2025-08-19,Thomas Gayner,Markel,4,10,2,16,None
2025-08-19,Marc Bitzer,Whirlpool,12,14,14,40,None
2025-08-19,Andrew McMahon,Guardian Life,5,13,0,18,None
2025-08-19,Peter Jackson,Builders FirstSource,5,12,1,18,None
2025-08-19,Michael Rhodes,Ally Financial,10,25,5,40,None
2025-08-19,Matthew Meloy,Targa Resources,5,5,0,10,None
2025-08-19,James Breuer,Fluor,0,2,1,3,None
2025-08-19,Sasan Goodarzi,Intuit,10,26,4,40,None
2025-08-19,Troy Rudd,AECOM,7,23,5,35,None
2025-08-19,Penny Pennington,Edward Jones,6,29,5,40,None
2025-08-19,Michael Bender,Kohl's,1,24,15,40,None
2025-08-19,Beth Ford,Land O'Lakes,18,21,1,40,None
2025-08-19,Deanna Strable-Soethout,Principal Financial,1,7,0,8,None
2025-08-19,Robert Blue,Dominion Energy,27,10,2,39,None
2025-08-19,Martin Schroeter,Kyndryl s,0,10,0,10,None
2025-08-19,Jon Vander Ark,Republic Services,10,20,10,40,None
2025-08-19,Clay Gaspar,Devon Energy,18,3,0,21,None
2025-08-19,Christopher O'Herlihy,Illinois Tool Works,2,5,2,9,None
2025-08-19,Michael O'Grady,Northern Trust,22,6,1,29,None
2025-08-19,Jamie Whisnant,Auto-Owners Insurance,0,2,0,2,None
2025-08-19,Marc Miller,Universal Health Services,3,20,3,26,None
2025-08-19,Darryl Button,Pacific Life,1,6,0,7,None
2025-08-19,Hamid Akhavan,EchoStar,3,25,12,40,None
2025-08-19,Christophe Beck,Ecolab,19,21,0,40,None
2025-08-19,Jack Fusco,Cheniere Energy,18,19,3,40,None
2025-08-19,John Wren,Omnicom,9,20,11,40,None
2025-08-19,Haviv Ilan,Texas Instruments,11,27,2,40,None
2025-08-19,David Burritt,United States Steel,8,18,14,40,None
2025-08-19,Stéphane de La Faverie,Estée Lauder,13,24,3,40,None
2025-08-19,Raul Nicholas Vargas Ochoa,Farmers Insurance Exchange,0,0,0,0,None
2025-08-19,Thibaut Mongon,Kenvue,9,30,1,40,None
2025-08-19,Ari Bousbib,IQVIA s,0,0,0,0,None
2025-08-19,Donald Allan,Stanley Black & Decker,10,29,1,40,None
2025-08-19,Timothy Cofer,Keurig Dr Pepper,2,2,1,5,None
2025-08-19,Matthew Flannery,United Rentals,33,3,0,36,None
2025-08-19,Timothy Cawley,Consolidated Edison,5,5,0,10,None
2025-08-19,Adam Norwitt,Amphenol,5,18,0,23,None
2025-08-19,Brent Shafer,Baxter International,1,11,0,12,None
2025-08-19,Kimberly Dang,Kinder Morgan,9,1,0,10,None
2025-08-19,Erik Nordstrom,Nordstrom,7,27,5,39,None
2025-08-19,Frank Holding,First Citizens BancShares,10,16,2,28,None
2025-08-19,Paul Shoukry,Raymond James Financial,14,25,1,40,None
2025-08-19,Timothy Archer,Lam Research,2,7,1,10,None
2025-08-19,Harry Lawton III,Tractor Supply,1,1,0,2,None
2025-08-19,Darren Rebelez,Casey's General Stores,15,23,2,40,None
2025-08-19,Scott Smith,Viatris,7,4,0,11,None
2025-08-19,James Blackledge,Mutual of Omaha Insurance,0,6,0,6,None
2025-08-19,Anthony Guzzi,EMCOR,4,3,0,7,None
2025-08-19,Joseph Hinrichs,CSX,5,9,1,15,None
2025-08-19,Justin Jude,LKQ,4,6,1,11,None
2025-08-19,Judith Marks,Otis Worldwide,2,3,0,5,None
2025-08-19,David Bruton Smith,Sonic Automotive,4,9,9,22,None
2025-08-19,Martina Cheung,S&P Global,11,24,0,35,None
2025-08-19,Leonard Schleifer,Regeneron Pharmaceuticals,5,27,8,40,None
2025-08-19,Joseph Fadool,BorgWarner,4,10,0,14,None
2025-08-19,Lachlan Murdoch,Fox,4,30,6,40,None
2025-08-19,Karla Lewis,Reliance,3,6,1,10,None
2025-08-19,John Barrett,Western & Southern Financial,9,29,2,40,None
2025-08-19,Scott Donnelly,Textron,9,28,3,40,None
2025-08-19,Ariane Gorin,Expedia,8,31,1,40,None
2025-08-19,Michael Nolan,Fidelity National Financial,4,0,0,4,None
2025-08-19,Ernest Garcia III,Carvana,22,14,4,40,None
2025-08-19,Raul Fernandez,DXC Technology,3,31,1,35,None
2025-08-19,Robert Berkley,WR Berkley,8,28,4,40,None
2025-08-19,René Jones,M&T Bank,12,24,4,40,None
2025-08-19,Lauren Hobart,Dick's Sporting Goods,8,28,4,40,None
2025-08-19,Robert Frenzel,Xcel Energy,4,2,1,7,None
2025-08-19,Timothy Spence,Fifth Third Bancorp,4,6,0,10,None
2025-08-19,Stephen Schwarzman,Blackstone,20,16,4,40,None
2025-08-19,Walker Martin,Sempra,0,3,0,3,None
2025-08-19,Timothy NeCastro,Erie Insurance,3,6,1,10,None
2025-08-19,Wendell Weeks,Corning,14,24,2,40,None
2025-08-19,Kathleen Johnson,Lumen Technologies,4,3,1,8,None
2025-08-19,Brian Tierney,FirstEnergy,4,22,2,28,None
2025-08-19,Adam Schechter,Labcorp,7,20,1,28,None
2025-08-19,Tiang Yew Tan,Western Digital,2,0,0,2,None
2025-08-19,Richard McKenney,Unum,4,5,0,9,None
2025-08-19,Javier Rodriguez,DaVita,12,14,1,27,None
2025-08-19,Steven Cahillane,Kellanova,2,7,0,9,None
2025-08-19,Stanley Bergman,Henry Schein,11,28,1,40,None
2025-08-19,Robert Sanchez,Ryder System,10,10,1,21,None
2025-08-19,Tim Hingtgen,Community Health Systems,11,27,2,40,None
2025-08-19,Avigal Soreq,Delek US,3,11,5,19,None
2025-08-19,Gerardo Norcia,DTE Energy,7,3,0,10,None
2025-08-19,Mark Pearson,Equitable,8,9,0,17,None
2025-08-19,Lori Koch,DuPont,8,19,0,27,None
2025-08-19,Rich Steinmeier,LPL Financial,24,14,2,40,None
2025-08-19,Bruce Van Saun,Citizens Financial,12,26,2,40,None
2025-08-19,José Mas,MasTec,6,14,3,23,None
2025-08-19,Andrés Gluski,AES,17,22,0,39,None
2025-08-19,Kevin Kwilinski,Berry Global,8,19,0,27,None
2025-08-19,Mark George,Norfolk Southern,14,23,3,40,None
2025-08-19,Eduardo Menezes,Air Products & Chemicals,4,5,1,10,None
2025-08-19,Shelley Simpson,JB Hunt Transport Services,6,31,3,40,None
2025-08-19,Daniel Fisher,Ball,3,19,5,27,None
2025-08-19,Sean Connolly,Conagra Brands,7,31,2,40,None
2025-08-19,Stephen Steinour,Huntington Bancshares,2,8,0,10,None
2025-08-19,James Snee,Hormel Foods,3,29,1,33,None
2025-08-19,Joseph Nolan,Eversource Energy,4,4,1,9,None
2025-08-19,William Oplinger,Alcoa,7,19,3,29,None
2025-08-19,Andrew Marsh,Entergy,2,6,0,8,None
2025-08-19,Keith Demmings,Assurant,4,7,0,11,None
2025-08-19,Sumit Singh,Chewy,13,21,6,40,None
2025-08-19,Niraj Shah,Wayfair,8,25,7,40,None
2025-08-19,Joseph Ferraro,Avis Budget,3,6,1,10,None
2025-08-19,Jeffrey Sprecher,Intercontinental Exchange,14,23,3,40,None
2025-08-19,Benito Minicucci,Alaska Air,4,3,1,8,None
2025-08-19,Malcolm Wilson,GXO Logistics,7,23,0,30,None
2025-08-19,Eric Hansotia,AGCO,18,21,1,40,None
2025-08-19,Kathleen Mazzarella,Graybar Electric,1,8,1,10,None
2025-08-19,Gavin Hattersley,Molson Coors Beverage,2,32,6,40,None
2025-08-19,Patrick Gallagher,Arthur J Gallagher,12,26,2,40,None
2025-08-19,Christopher Kastner,Huntington Ingalls Industries,2,4,0,6,None
2025-08-19,Erik Fyrwald,International Flavors & Fragrances,7,8,2,17,None
2025-08-19,Ricardo Cardenas,Darden Restaurants,4,4,1,9,None
2025-08-19,Stephen Spray,Cincinnati Financial,2,5,3,10,None
2025-08-19,Scott Boatwright,Chipotle Mexican Grill,7,29,4,40,None
2025-08-19,Joey Wat,Yum China,11,27,2,40,None
2025-08-19,Robert Goldstein,Las Vegas Sands,4,31,5,40,None
2025-08-19,Kecia Steelman,Ulta Beauty,32,7,1,40,None
2025-08-19,Thomas Reeg,Caesars Entertainment,4,6,1,11,None
2025-08-19,Jon Rousseau,BrightSpring Health Services,21,18,1,40,None
2025-08-19,William Krueger,Andersons,0,4,0,4,None
2025-08-19,Michele Buck,Hershey,9,29,2,40,None
2025-08-19,Christopher Nassetta,Hilton,15,23,2,40,None
2025-08-19,Bruce Bodine,Mosaic,3,7,0,10,None
2025-08-19,Brian Chesky,Airbnb,1,30,9,40,None
2025-08-19,Kaes Van’t Hof,Diamondback Energy,24,13,2,39,None
2025-08-19,Steven Vondran,American Tower,4,7,0,11,None
2025-08-19,Reshma Kewalramani,Vertex Pharmaceuticals,21,16,3,40,None
2025-08-19,William McDermott,ServiceNow,3,6,0,9,None
2025-08-19,Brian Chambers,Owens Corning,3,12,1,16,None
2025-08-19,Teresa Rasmussen,Thrivent Financial for Lutherans,4,1,0,5,None
2025-08-19,Shane O'Kelly,Advance Auto Parts,14,23,3,40,None
2025-08-19,Douglas Yearley,Toll Brothers,10,26,4,40,None
2025-08-19,Jeffrey Lorberbaum,Mohawk Industries,10,5,2,17,None
2025-08-19,Gregory Brown,Motorola Solutions,1,9,0,10,None
2025-08-19,John Pfeifer,Oshkosh,6,26,4,36,None
2025-08-19,Tony Xu,DoorDash,13,20,7,40,None
2025-08-19,Edward Pesicka,Owens & Minor,2,32,2,36,None
2025-08-19,Eugene Bredow,NVR,0,4,0,4,None
2025-08-19,Philippe Krakowsky,Interpublic,15,21,4,40,None
2025-08-19,Horacio Rozanski,Booz Allen Hamilton,15,20,5,40,None
2025-08-19,Michael O’Sullivan,Burlington Stores,9,28,3,40,None
2025-08-19,Daniel Wall,Expeditors International of Washington,4,3,0,7,None
2025-08-19,Calvin McDonald,Lululemon athletica,10,28,2,40,None
2025-08-19,Stephanie Ferris,Fidelity National Information,14,21,4,39,None
2025-08-19,Richard Handler,Jefferies Financial,5,8,8,21,None
2025-08-19,Alan Armstrong,Williams,24,13,3,40,None
2025-08-19,Bracken Darrell,VF Corporation,9,26,5,40,None
2025-08-19,Mikael Bratt,Autoliv,7,8,2,17,None
2025-08-19,Rafael Santana,Westinghouse Air Brake Technologies,5,6,0,11,None
2025-08-19,Ralph LaRossa,Public Service Enterprise,7,17,0,24,None
2025-08-19,Jamie Iannone,Ebay,19,15,6,40,None
2025-08-19,Scott Richardson,Celanese,9,28,3,40,None
2025-08-19,Cameron Bready,Global Payments,8,29,3,40,None
2025-08-19,Robert Thomson,News Corp,7,27,5,39,None
2025-08-19,Robert Martin,THOR Industries,4,5,1,10,None
2025-08-19,David Rawlinson II,QVC,6,13,2,21,None
2025-08-19,Andrew Teno,Icahn Enterprises,5,6,0,11,None
2025-08-19,William Newlands,Constellation Brands,0,2,2,4,None
2025-08-19,James Davis,Quest Diagnostics,4,5,1,10,None
2025-08-19,Richard Wallace,KLA,2,5,0,7,None
2025-08-19,Julian Francis,QXO Building Products,0,0,0,0,None
2025-08-19,John Christmann IV,APA,5,4,1,10,None
2025-08-19,Gregory Roberts,A-Mark Precious Metals,2,2,1,5,None
2025-08-19,Christopher Viehbacher,Biogen,0,30,2,32,None
2025-08-19,Mick Beekhuizen,Campbell's,6,23,3,32,None
2025-08-19,Christopher Caldwell,Concentrix,2,6,0,8,None
2025-08-19,Todd Schneider,Cintas,11,17,1,29,None
2025-08-19,Tony Sarsam,SpartanNash,17,21,2,40,None
2025-08-19,John Venhuizen,Ace Hardware,15,23,2,40,None
2025-08-19,Vincent Roche,Analog Devices,15,23,2,40,None
2025-08-19,Mark Costa,Eastman Chemical,7,16,4,27,None
2025-08-19,Milan Galik,Interactive Brokers,5,14,0,19,None
2025-08-19,John Turner,Regions Financial,19,19,2,40,None
2025-08-19,Joanna Geraghty,JetBlue Airways,18,15,7,40,None
2025-08-19,Kristin Peck,Zoetis,12,17,1,30,None
2025-08-19,Christopher Gorman,KeyCorp,4,6,0,10,None
2025-08-19,Mark Bertolini,Oscar Health,13,18,8,39,None
2025-08-19,Brendan McCracken,Ovintiv,7,5,1,13,None
2025-08-19,Robert Steer,Seaboard,1,4,0,5,None
2025-08-19,Gil West,Hertz,7,25,8,40,None
2025-08-19,Robert Greenberg,Skechers,7,31,2,40,None
2025-08-19,Dennis Mathew,Altice,5,26,7,38,None
2025-08-19,Clay Williams,NOV,13,21,4,38,None
2025-08-19,Michael Doss,Graphic Packaging,6,8,2,16,None
2025-08-19,Deon Stander,Avery Dennison,0,11,0,11,None
2025-08-19,Adaire Fox-Martin,Equinix,17,19,4,40,None
2025-08-19,Joyce Mullen,Insight Enterprises,6,11,1,18,None
2025-08-19,Jennifer Witz,Sirius XM,8,13,4,25,None
2025-08-19,Stefan Larsson,PVH,8,26,6,40,None
2025-08-19,Jason Wells,CenterPoint Energy,22,12,6,40,None
2025-08-19,Scott Lauber,WEC Energy,14,6,0,20,None
2025-08-19,Matthew Pine,Xylem,2,10,1,13,None
2025-08-19,Jennifer Johnson,Franklin Resources,1,8,1,10,None
2025-08-19,Vincent Sorgi,PPL,8,11,1,20,None
2025-08-19,Carl Eschenbach,Workday,10,20,10,40,None
2025-08-19,Richard Tobin,Dover,3,6,1,10,None
2025-08-19,Mark Kowlzan,Packaging Corp of America,1,10,1,12,None
2025-08-19,Scott Salmirs,ABM Industries,5,7,1,13,None
2025-08-19,Gary Guthart,Intuitive Surgical,13,23,4,40,None
2025-08-19,Carl Lindner lll,American Financial,0,0,0,0,None
2025-08-19,Blake Moret,Rockwell Automation,12,27,1,40,None
2025-08-19,Bryan Hanson,Solventum,6,11,2,19,None
2025-08-19,Craig Smiddy,Old Republic International,2,6,1,9,None
2025-08-19,Christopher Hilger,Securian Financial,0,5,1,6,None
2025-08-19,Hamid Moghadam,Prologis,6,28,6,40,None
2025-08-19,Mark Smucker,JM Smucker,10,24,6,40,None
2025-08-19,Sheryl Palmer,Taylor Morrison Home,6,12,1,19,None
2025-08-19,Mario Harik,XPO,8,31,1,40,None
2025-08-19,Heather Lavallee,Voya Financial,7,9,2,18,None
2025-08-19,Nikesh Arora,Palo Alto Networks,9,23,8,40,None
2025-08-19,Giordano Albertazzi,Vertiv s,0,1,0,1,None
2025-08-19,Shankh Mitra,Welltower,17,21,2,40,None
2025-08-19,Mary Dillon,Foot Locker,11,24,5,40,None
2025-08-19,William Monteleone,Par Pacific,1,7,2,10,None
2025-08-19,Kevin Stein,TransDigm,10,9,2,21,None
2025-08-19,Peter Matt,Commercial Metals,5,4,0,9,None
2025-08-19,Robert Vitale,Post s,0,0,0,0,None
2025-08-19,Keith Allman,Masco,6,9,1,16,None
2025-08-19,Rusty Rush,Rush Enterprises,17,20,3,40,None
2025-08-19,Stuart Bradie,KBR,14,18,4,36,None
2025-08-19,Jack Sinclair,Sprouts Farmers Market,14,25,1,40,None
2025-08-19,Laura Alber,Williams-Sonoma,11,23,6,40,None
2025-08-19,Ivan Tornos,Zimmer Biomet s,1,2,0,3,None
2025-08-19,John Mengucci,CACI International,21,17,2,40,None
2025-08-19,Steve Sanghi,Microchip Technology,8,29,3,40,None
2025-08-19,Albert Nahmad,Watsco,2,6,2,10,None
2025-08-19,Christopher Peterson,Newell Brands,1,8,1,10,None
2025-08-19,Arie Kotler,ARKO,5,24,0,29,None
2025-08-19,Jure Sola,Sanmina,3,15,1,19,None
2025-08-19,Andrew Wilson,Electronic Arts,15,15,10,40,None
2025-08-19,David Gibbs,Yum Brands,2,36,2,40,None
2025-08-19,Daniel Florness,Fastenal,3,5,1,9,None
2025-08-19,Garrick Rochow,CMS Energy,12,3,0,15,None
2025-08-19,Rodney Sacks,Monster Beverage,15,23,1,39,None
2025-08-19,Mark Shapiro,Endeavor,3,36,1,40,None
2025-08-19,Toni Townes-Whitley,Science Applications International,13,22,1,36,None
2025-08-19,Mark Witkowski,Core & Main,1,7,1,9,None
2025-08-19,John Plant,Howmet Aerospace,5,17,2,24,None
2025-08-19,James Zallie,Ingredion,4,5,1,10,None
2025-08-19,Thomas Hill,Vulcan Materials,4,7,2,13,None
