date,brand,total,positive,neutral,negative,theme
2025-08-13,Alphabet,147,60,66,21,google chrome
2025-08-13,Amazon,100,83,3,14,amazon expands
2025-08-13,Apple,98,39,46,13,elon musk
2025-08-13,Disney,100,38,43,19,disney world
2025-08-13,Ford,99,26,54,19,ford recalls
2025-08-13,Meta,199,81,61,57,meta platforms
2025-08-13,Procter & Gamble,55,27,21,7,procter gamble
2025-08-13,Walmart,93,36,28,29,yahoo finance
2025-08-14,3M,40,18,19,3,insurance sir payments rejected
2025-08-14,A-Mark Precious Metals,40,37,3,0,None
2025-08-14,Abbott Laboratories,40,20,16,4,yahoo finance
2025-08-14,AbbVie,40,24,16,0,None
2025-08-14,Advance Auto Parts,40,11,17,12,outlook takes debt
2025-08-14,Advanced Micro Devices,40,33,2,5,motley fool
2025-08-14,AES,40,26,9,5,analysis outlook mixed signals
2025-08-14,Aflac,40,16,13,11,data breach
2025-08-14,AGCO,40,17,21,2,farm deep dive margin
2025-08-14,Air Products & Chemicals,40,17,18,5,motley fool
2025-08-14,Alaska Air Group,40,13,25,2,alk suffers larger drop
2025-08-14,Albertsons,40,15,15,10,kroger settles wholesale
2025-08-14,Allstate,40,17,19,4,labor day
2025-08-14,Ally Financial,40,15,23,2,dei earnings miss lower
2025-08-14,Alphabet,40,14,21,5,bitcoin googl gets buy
2025-08-14,Altria Group,40,16,20,4,motley fool
2025-08-14,Amazon,40,35,4,1,shop hot early labor
2025-08-14,American Airlines Group,40,17,20,3,aal flies higher
2025-08-14,American Express,40,17,20,3,amex forget platinum favorite
2025-08-14,American International Group,40,7,25,8,target lowered kbw
2025-08-14,Ameriprise Financial,40,22,16,2,lpl advisors
2025-08-14,AmerisourceBergen,40,12,15,13,lobbying 000 cencora
2025-08-14,Amgen,40,18,14,8,cancer treatment tipranks
2025-08-14,Amphenol,40,12,21,7,patent infringement disputes
2025-08-14,Antero Resources,40,14,24,2,yahoo finance
2025-08-14,Aon,40,9,17,14,vesttoo bankruptcy creditors
2025-08-14,APA,40,18,9,13,austin pets alive
2025-08-14,Apple,40,7,27,6,accidentally leaked
2025-08-14,Applied Materials,40,9,19,12,forecast hit china
2025-08-14,Aramark,40,18,16,6,fenway park workers
2025-08-14,Archer Daniels Midland,40,19,16,5,adm archer-daniels-midland company epa
2025-08-14,Arrow Electronics,40,17,21,2,unpacking contradictions inventory lead
2025-08-14,Asbury Automotive Group,40,12,24,4,nyse abg marketbeat
2025-08-14,Assurant,40,20,19,1,key contradictions tariffs auto
2025-08-14,AT&T,40,6,26,8,pay off stadium
2025-08-14,Athene Holding,40,19,19,2,plan sponsor guide pension
2025-08-14,Atmos Energy,40,39,0,1,earnings lag estimates revenues
2025-08-14,Autoliv,40,25,14,1,how investors respond alv
2025-08-14,Automatic Data Processing,40,18,18,4,adp why computer technology
2025-08-14,AutoNation,40,16,19,5,target 228 guggenheim ainvest
2025-08-14,AutoZone,40,14,10,16,outside bedford cleveland
2025-08-14,Avis Budget Group,40,10,22,8,why falling
2025-08-14,Baker Hughes,40,16,17,7,bets lng data
2025-08-14,Ball,40,14,23,3,drop beat not trump
2025-08-14,Bank of America,40,20,13,7,fed rates bucks trend
2025-08-14,Bank of New York Mellon,40,21,17,2,hawaii court hands bny
2025-08-14,Becton Dickinson,40,19,18,3,waters buy unit
2025-08-14,Berkshire Hathaway,40,9,27,4,motley fool
2025-08-14,Best Buy,40,37,2,1,duo works together steal
2025-08-14,Biogen,40,14,25,1,vital signs stoke ing
2025-08-14,BlackRock,40,11,21,8,yahoo finance
2025-08-14,Blackstone,40,12,14,14,goldman lead private
2025-08-14,Boeing,40,16,15,9,second week
2025-08-14,Booking Holdings,40,23,14,3,ainvest pity competitors nasdaq
2025-08-14,BorgWarner,40,25,14,1,close battery parts plants
2025-08-14,Boston Properties,40,8,27,5,investing com
2025-08-14,Boston Scientific,40,18,15,7,signals ainvest
2025-08-14,Bristol-Myers Squibb,40,15,18,7,karxt study potential
2025-08-14,Broadcom,40,14,18,8,avgo nvidia risk put
2025-08-14,Bunge,40,12,21,7,recall 800 lbs
2025-08-14,C.H. Robinson,40,14,23,3,air cargo
2025-08-14,C.H. Robinson Worldwide,40,16,21,3,returns nasdaq chrw aren
2025-08-14,Campbell Soup,40,12,20,8,lowered bernstein socgen
2025-08-14,Capital One Financial,40,18,16,6,savings account
2025-08-14,Cardinal Health,40,11,21,8,misses revenue
2025-08-14,Cargill,40,7,24,9,fire crews respond
2025-08-14,Carlisle,40,12,18,10,city install hawk
2025-08-14,CarMax,40,10,22,8,yahoo finance
2025-08-14,Caterpillar,40,10,23,7,hit tariffs
2025-08-14,CBRE Group,40,15,22,3,analysis outlook
2025-08-14,CDW,40,18,15,7,lowers holdings corporation
2025-08-14,Celanese,40,6,16,18,earnings sales beat
2025-08-14,Centene,40,13,11,16,yahoo finance
2025-08-14,CenterPoint Energy,40,23,6,11,monitoring tropical disturbance
2025-08-14,Century Communities,40,15,22,3,marketbeat even though things
2025-08-14,Cerner,40,16,20,4,health union system almost
2025-08-14,CF Industries Holdings,40,22,12,6,yahoo finance
2025-08-14,Charter Communications,40,14,16,10,worst day ever
2025-08-14,Cheniere Energy,40,37,2,1,warns lng surge choke
2025-08-14,Chevron,40,21,13,6,phillips chemical
2025-08-14,Chubb,40,22,12,6,holdings limited nyse
2025-08-14,Cigna Group,40,21,12,7,second earnings revenues
2025-08-14,Cisco Systems,40,15,19,6,demand revenue earnings thursday
2025-08-14,Citigroup,40,14,24,2,maker nio falls weekly
2025-08-14,Citizens Financial Group,40,19,18,3,analysis outlook cautious
2025-08-14,Coca-Cola,40,17,20,3,all permanent coke flavor
2025-08-14,Cognizant Technology Solutions,40,33,4,3,hike wages employees november
2025-08-14,Colgate-Palmolive,40,18,16,6,company nyse
2025-08-14,Comcast,40,12,25,3,bumping monumental sports network
2025-08-14,Consolidated Edison,40,10,27,3,earnings analysis outlook technical
2025-08-14,Constellation Energy,40,34,4,2,ceg what before investing
2025-08-14,Corning,40,14,20,6,action now
2025-08-14,Costco Wholesale,40,15,17,8,stop selling abortion
2025-08-14,Coterra Energy,40,37,2,1,reverses rig reduction plans
2025-08-14,Crown Holdings,40,19,19,2,second earnings revenues beat
2025-08-14,CSX,40,11,22,7,carolina training juveniles com
2025-08-14,Cummins,40,15,21,4,funeral demand gloria jean
2025-08-14,CVS Health,40,21,16,3,major blow millions walmart
2025-08-14,D.R. Horton,40,14,23,3,city concord residents fight
2025-08-14,Danaher,40,14,20,6,corporation nyse dhr
2025-08-14,Darden Restaurants,40,21,17,2,bank nova scotia position
2025-08-14,DaVita,40,21,12,7,despite earnings beat
2025-08-14,Deere,40,13,16,11,john sales suffer
2025-08-14,Dell Technologies,40,14,25,1,world leaks just leaked
2025-08-14,Delta Air Lines,40,9,19,12,aircraft during pushback
2025-08-14,Devon Energy,40,37,3,0,None
2025-08-14,Discover,40,17,21,2,authorities nearly 000 pounds
2025-08-14,Discover Financial Services,40,14,23,3,week years never managed
2025-08-14,DISH Network,40,8,25,7,thedesk net
2025-08-14,Dollar General,40,16,17,7,instant coffee
2025-08-14,Dollar Tree,40,19,18,3,store downey shoplifters start
2025-08-14,Dominion Energy,40,25,9,6,loudoun county neighbors
2025-08-14,Dow,40,10,21,9,fed rate bets
2025-08-14,DTE Energy,40,33,3,4,resists trump push delay
2025-08-14,Duke Energy,40,30,3,7,hospitalized pinellas county
2025-08-14,DXC Technology,40,11,28,1,business continuity disaster recovery
2025-08-14,Eastman Chemical,40,5,12,23,federal lawsuit filed
2025-08-14,eBay,40,16,20,4,judge rules
2025-08-14,Ecolab,40,15,22,3,ovivo water acquire unit
2025-08-14,Edison International,40,10,24,6,eaton fire
2025-08-14,Elevance Health,40,10,17,13,when healthcare giant
2025-08-14,Eli Lilly,40,11,16,13,yahoo finance
2025-08-14,Emerson Electric,40,22,14,4,nyse emr marketbeat
2025-08-14,Entergy,40,25,13,2,fire prevention smoke alarm
2025-08-14,Enterprise Products Partners,40,19,14,7,oil leak houston
2025-08-14,EOG Resources,40,13,24,3,stake nyse marketbeat
2025-08-14,Equifax,40,25,8,7,consumer pay errors credit
2025-08-14,Erie Insurance Group,40,20,11,9,cyber cyberattack baltimore maryland
2025-08-14,Estee Lauder,40,9,30,1,analysis outlook navigating weak
2025-08-14,Eversource Energy,40,32,3,5,second earnings revenues
2025-08-14,Exelon,40,18,17,5,potential data center
2025-08-14,Expeditors Intl. of Washington,6,2,4,0,None
2025-08-14,Exxon Mobil,40,15,18,7,corporation nyse xom
2025-08-14,FedEx,40,20,15,5,driver charged
2025-08-14,Fidelity National Financial,40,13,22,5,yahoo finance
2025-08-14,Fifth Third Bancorp,40,18,22,0,None
2025-08-14,FirstEnergy,40,14,17,9,power outages wkyc
2025-08-14,Fiserv,40,16,19,5,class action lawsuit
2025-08-14,Fluor,40,16,14,10,gladstone lng dispute
2025-08-14,FMC,40,14,21,5,target lowered barclays investing
2025-08-14,Ford Motor,40,13,21,6,recalls 312k vehicles power
2025-08-14,Fortune Brands Innovations,40,15,21,4,visible weaknesses
2025-08-14,Franklin Resources,40,19,19,2,earnings ben ongoing buyback
2025-08-14,Freeport-McMoRan,40,19,15,6,former phoenix tower
2025-08-14,General Dynamics,40,35,3,2,pro-palestinian group protests front
2025-08-14,General Electric,40,11,26,3,company lobbying how debt
2025-08-14,General Mills,40,15,16,9,wicked cereals gis weak
2025-08-14,General Motors,40,18,17,5,company nyse
2025-08-14,Genuine Parts,40,13,24,3,analysis outlook
2025-08-14,Gilead Sciences,40,17,16,7,cancer treatment tipranks
2025-08-14,Goldman Sachs Group,40,11,24,5,trump mocks
2025-08-14,Group 1,40,12,24,4,automotive moves overbought range
2025-08-14,Group 1 Automotive,40,13,24,3,moves overbought range cautious
2025-08-14,Guardian Life Ins. Co. of America,9,3,5,1,look which fortune 500
2025-08-14,GXO Logistics,40,14,23,3,comment end pump dump
2025-08-14,Halliburton,40,22,13,5,ceo demand sobering outlook
2025-08-14,Harley-Davidson,40,11,16,13,moore county
2025-08-14,Hartford Financial Services Group,40,18,19,3,lobbying 000 just disclosed
2025-08-14,HCA Healthcare,40,19,12,9,mission health settle
2025-08-14,Hershey,40,17,20,3,inside chocolate marketing trends
2025-08-14,Hess,40,16,10,14,rudd funeral home
2025-08-14,Hewlett Packard Enterprise,40,8,30,2,hpe warns hardcoded passwords
2025-08-14,HF Sinclair,40,15,19,6,issues million-dollar penalties
2025-08-14,Hilton Worldwide Holdings,40,22,16,2,swiss national bank lowers
2025-08-14,Home Depot,40,7,13,20,ladders sold recalled
2025-08-14,Honeywell International,40,15,22,3,nasdaq hon
2025-08-14,Howmet Aerospace,40,19,16,5,analysis outlook
2025-08-14,HP,40,20,17,3,bmw announces updated set
2025-08-14,Humana,40,23,12,5,vfw uniting veterans analysis
2025-08-14,Huntington Ingalls Industries,40,22,15,3,motley fool
2025-08-14,Icahn Enterprises,40,7,20,13,nasdaq iep seeking
2025-08-14,Illinois Tool Works,40,17,18,5,limited upside
2025-08-14,Ingredion,40,17,17,6,ingr loses weeks
2025-08-14,Insight Enterprises,40,14,20,6,revenue estimates yahoo
2025-08-14,Intel,40,14,24,2,trump ohio ceo amazing
2025-08-14,Intercontinental Exchange,40,15,22,3,holdings nyse ice
2025-08-14,International Paper,40,17,22,1,extends 4-day drop earnings
2025-08-14,Interpublic Group,40,14,22,4,analysis companies outlook
2025-08-14,Iron Mountain,40,12,21,7,union contracts terminated
2025-08-14,J.B. Hunt Transport Services,40,15,18,7,yahoo finance
2025-08-14,J.M. Smucker,40,14,19,7,yahoo finance
2025-08-14,Jacobs Engineering Group,40,16,20,4,pensacola why solutions falling
2025-08-14,Jefferies Financial Group,40,20,15,5,lowers holdings
2025-08-14,Johnson & Johnson,40,20,16,4,rest wicked hit verdict
2025-08-14,Jones Lang LaSalle,40,16,23,1,swiss national bank lowers
2025-08-14,Kaiser Permanente,40,14,21,5,sacramento policy vacaville screening
2025-08-14,KB Home,40,20,16,4,lags behind sector benchmarks
2025-08-14,KeyCorp,40,19,18,3,target lowered marketbeat
2025-08-14,Kimberly-Clark,40,18,20,2,leadership weak reshape kmb
2025-08-14,Kimco Realty,40,20,16,4,weak technical picture
2025-08-14,Kinder Morgan,40,39,1,0,None
2025-08-14,KKR,40,11,21,8,private debt deal
2025-08-14,Kraft Heinz,40,8,21,11,factories lose immigrant
2025-08-14,Kroger,40,14,11,15,failed albertsons merger
2025-08-14,L3Harris Technologies,40,21,16,3,zones space force gps
2025-08-14,Lam Research,40,17,20,3,stifel affirms buy lrcx
2025-08-14,Las Vegas Sands,40,11,27,2,lvs precision trading risk
2025-08-14,Lear,40,15,19,6,funeral home
2025-08-14,Leidos Holdings,40,25,12,3,nyse ldos marketbeat
2025-08-14,Lennar,40,13,24,3,county homes public charles
2025-08-14,Liberty Mutual Insurance Group,40,31,3,6,business america
2025-08-14,Lincoln National,40,17,16,7,ruidoso-nm gov
2025-08-14,Lithia Motors,40,21,14,5,nyse lad marketbeat
2025-08-14,LKQ,40,18,16,6,hits 52-week low
2025-08-14,Lockheed Martin,40,20,11,9,lmt investors opportunity
2025-08-14,Loews,40,18,19,3,corporation nyse
2025-08-14,Lowe's,40,20,11,9,yahoo finance
2025-08-14,Marathon Petroleum,40,22,16,2,analysis outlook weak technicals
2025-08-14,Markel,40,11,25,4,dan murder donna adelson
2025-08-14,Marriott International,40,18,20,2,white lighthouse investment management
2025-08-14,Marsh & McLennan,40,16,20,4,mmc brokersafe companies facility
2025-08-14,Masco,40,14,23,3,analysis outlook
2025-08-14,Massachusetts Mutual Life Insurance,40,13,18,9,massmutual haven jobs business
2025-08-14,MasTec,40,20,18,2,rising tariffs trade
2025-08-14,McKesson,40,15,23,2,mck lower earnings shift
2025-08-14,Medtronic,40,25,13,2,things need know buy
2025-08-14,Merck,40,12,16,12,keytruda bladder cancer
2025-08-14,Meritage Homes,40,16,18,6,nyse mth target
2025-08-14,MetLife,40,20,17,3,chemical romance gives belleville
2025-08-14,Micron Technology,40,17,22,1,why upgrading guidance dram
2025-08-14,Microsoft,40,12,17,11,patch tuesday
2025-08-14,Mohawk Industries,40,21,15,4,outlook second earnings revenues
2025-08-14,Molina Healthcare,40,14,13,13,medical cost pressures
2025-08-14,Mondelez International,40,23,12,5,nasdaq mdlz marketbeat
2025-08-14,Moody's,40,16,12,12,physical transition risk
2025-08-14,Morgan Stanley,40,13,20,7,yahoo finance
2025-08-14,Mosaic,40,19,15,6,world war returned
2025-08-14,Netflix,40,15,20,5,big how struck gold
2025-08-14,New York Life Insurance,40,13,24,3,investments unpacks sovereign risk
2025-08-14,Newell Brands,40,11,22,7,fy25 outlook incorporate
2025-08-14,Newmont,40,19,17,4,resigns chief nem cfo
2025-08-14,News,40,8,19,13,bbc abc trump warns
2025-08-14,NextEra Energy,40,29,4,7,xplr infrastructure partners
2025-08-14,Norfolk Southern,40,13,25,2,rail customers urge regulators
2025-08-14,Northern Trust,40,34,1,5,potential bny merger
2025-08-14,Northrop Grumman,40,18,21,1,a-xx next generation naval
2025-08-14,Northwestern Mutual,40,21,10,9,tariffs tariff uncertainty 000
2025-08-14,NRG Energy,40,33,3,4,msn plunges 295 deals
2025-08-14,Nucor,40,13,22,5,yahoo finance
2025-08-14,Nvidia,40,20,13,7,china chip
2025-08-14,NVR,40,19,17,4,nyse analysis outlook mixed
2025-08-14,O'Reilly Automotive,40,22,12,6,motley fool
2025-08-14,Occidental Petroleum,40,27,11,2,buy dip motley fool
2025-08-14,Old Dominion Freight Line,40,21,14,5,hits 52-week low
2025-08-14,Omnicom Group,40,19,17,4,debt ainvest offers bondholders
2025-08-14,Oneok,40,12,21,7,target lowered rbc
2025-08-14,Oracle,40,8,22,10,google cloud units
2025-08-14,Otis Worldwide,40,16,21,3,corporation tough china horrible
2025-08-14,Ovintiv,40,19,19,2,utah tribe loses bid
2025-08-14,Paccar,40,18,16,6,marketbeat analysis outlook cautious
2025-08-14,Pacific Gas and Electric,40,25,10,5,dam removal
2025-08-14,Parker-Hannifin,40,20,17,3,parker lgt group foundation
2025-08-14,PayPal Holdings,40,24,14,2,nasdaq pypl marketbeat
2025-08-14,PBF Energy,40,32,1,7,yahoo finance
2025-08-14,Penske,40,17,17,6,federal agents
2025-08-14,Penske Automotive Group,40,12,27,1,nyse pag pay larger
2025-08-14,PepsiCo,40,13,19,8,yahoo finance
2025-08-14,Pfizer,40,11,18,11,bladder cancer
2025-08-14,PG&E,40,14,20,6,wildfire risks
2025-08-14,Philip Morris International,40,17,19,4,sales miss
2025-08-14,Phillips 66,40,16,14,10,reduces gasoline output
2025-08-14,Pioneer Natural Resources,40,20,12,8,exxon board
2025-08-14,Plains GP Holdings,40,17,20,3,investing com
2025-08-14,PNC Financial Services Group,40,23,16,1,announces leadership changes risk
2025-08-14,PPG Industries,40,19,19,2,seaport res ptn forecasts
2025-08-14,PPL,40,17,22,1,workers paycheck problems persist
2025-08-14,Principal Financial Group,40,15,21,4,nyse pfg marketbeat
2025-08-14,Procter & Gamble,40,20,14,6,tariffs pampers maker 000
2025-08-14,Progressive,40,19,16,5,khanna deficit sanctuary fights
2025-08-14,Prudential Financial,40,11,21,8,analysis outlook
2025-08-14,Public Service Enterprise Group,40,20,19,1,pse large load pipeline
2025-08-14,Publix Super Markets,40,18,18,4,lakeland ledger
2025-08-14,PulteGroup,40,18,19,3,community results weaken housing
2025-08-14,Quanta Services,40,14,18,8,day streak return
2025-08-14,Quest Diagnostics,40,16,22,2,what learned jaxson dart
2025-08-14,Raymond James Financial,40,17,19,4,marketbeat eps estimates wsp
2025-08-14,Realty Income,40,18,15,7,buying set life
2025-08-14,Regeneron Pharmaceuticals,40,17,19,4,nasdaq regn
2025-08-14,Regions Financial,40,20,20,0,None
2025-08-14,Reinsurance Group of America,40,22,16,2,incorporated nyse rga
2025-08-14,Republic Services,40,10,10,20,local trash troubles
2025-08-14,Robert Half International,40,9,12,19,hits 52-week low
2025-08-14,Rockwell Automation,40,17,23,0,None
2025-08-14,Ross Stores,40,17,18,5,nasdaq rost marketbeat
2025-08-14,RTX,40,13,18,9,tom hardware
2025-08-14,Ryder System,40,23,14,3,investors nyse aren entirely
2025-08-14,S&P Global,40,18,18,4,central bank policy less
2025-08-14,Salesforce,40,16,12,12,activist starboard buys
2025-08-14,Sempra,40,26,13,1,tumble earnings miss gaap
2025-08-14,ServiceNow,40,18,20,2,agentic marketing tenon ceo
2025-08-14,Sherwin-Williams,40,11,18,11,construction site cleveland
2025-08-14,Simon Property Group,40,14,20,6,debt refinancing
2025-08-14,Sonic Automotive,40,5,31,4,net second earnings eps
2025-08-14,Sonoco Products,40,17,19,4,nyse son
2025-08-14,Southern,40,7,22,11,california cbs miss what
2025-08-14,Southwest Airlines,40,18,17,5,video pilot blind left
2025-08-14,Southwestern Energy,40,35,3,2,trespass claim district court
2025-08-14,Stanley Black & Decker,40,8,25,7,jim cramer expresses
2025-08-14,Starbucks,40,9,20,11,stop bringing
2025-08-14,State Farm Insurance,40,11,22,7,los angeles times
2025-08-14,State Street,40,12,17,11,fatal fiesta stabbing
2025-08-14,Stellantis,40,9,16,15,toledo jeep plant
2025-08-14,StoneX Group,40,20,16,4,nasdaq snex
2025-08-14,Stryker,40,17,14,9,medtech dive
2025-08-14,Synchrony Financial,40,19,17,4,nyse syf marketbeat
2025-08-14,Sysco,40,21,14,5,teamsters digital minnesota unanimously
2025-08-14,T-Mobile US,40,17,18,5,savings claims
2025-08-14,Targa Resources,40,16,19,5,earnings beat estimates
2025-08-14,Target,40,17,12,11,austin shooting suspect
2025-08-14,Taylor Morrison Home,40,14,25,1,why tmhc trading lower
2025-08-14,TD Synnex,40,19,21,0,None
2025-08-14,Teleflex,40,10,27,3,nyse tfx
2025-08-14,Tenet Healthcare,40,15,19,6,yahoo finance
2025-08-14,Texas Instruments,40,15,15,10,motley fool
2025-08-14,Textron,40,17,22,1,why slumped motley fool
2025-08-14,Thermo Fisher Scientific,40,19,20,1,receives fda approval ngs-based
2025-08-14,TIAA,40,17,20,3,lawsuit filed against alleging
2025-08-14,TJX,40,15,21,4,companies nyse marketbeat
2025-08-14,Toll Brothers,40,7,31,2,wedbush marketscreener long-term outlook
2025-08-14,Tractor Supply,40,19,19,2,analysis outlook cautious balancing
2025-08-14,Travelers,40,19,11,10,air canada flight
2025-08-14,Truist Financial,40,17,19,4,nasdaq marketbeat target nerdwallet
2025-08-14,Tyson Foods,40,10,28,2,sen ossoff releases statement
2025-08-14,U.S. Bancorp,40,25,13,2,futu usb debt offerings
2025-08-14,U.S. Postal Service,40,11,21,8,pleads guilty stealing
2025-08-14,Union Pacific,40,8,17,15,train cars derail
2025-08-14,United Airlines Holdings,40,39,1,0,None
2025-08-14,United Rentals,40,37,3,0,None
2025-08-14,UnitedHealth Group,40,8,25,7,cybersecurity exposure ainvest david
2025-08-14,Universal Health Services,40,17,17,6,faces revenue uncertainty
2025-08-14,Unum Group,40,15,19,6,yahoo finance
2025-08-14,US Foods Holding,40,19,19,2,calls talks performance food
2025-08-14,USAUSA,40,16,18,6,usa usa
2025-08-14,V.F.,40,17,17,6,yahoo finance
2025-08-14,Valero Energy,40,36,1,3,why investors shouldn panic
2025-08-14,Ventas,40,20,18,2,nyse vtr marketbeat
2025-08-14,Veritiv,40,14,21,5,rigid containers business
2025-08-14,Verizon Communications,40,24,15,1,past five-year earnings decline
2025-08-14,VF,40,16,18,6,vanity fair
2025-08-14,Viatris,40,19,17,4,yahoo finance
2025-08-14,W. R. Berkley,40,16,15,9,business overweight cantor profit
2025-08-14,W.W. Grainger,40,12,25,3,digital analysis outlook technical
2025-08-14,Walgreens Boots Alliance,40,9,23,8,motley fool
2025-08-14,Walmart,40,20,10,10,settlement overcharging customers
2025-08-14,Warner Bros. Discovery,40,16,22,2,box office record exactly
2025-08-14,Waste Management,40,10,2,28,outlook wall street
2025-08-14,Wayfair,40,12,27,1,shop 72-hour clearout sale
2025-08-14,WESCO International,40,18,21,1,note nyse wcc roe
2025-08-14,Western Digital,40,18,20,2,focus buoyed cloud buyers
2025-08-14,Westinghouse Air Brake Technologies,40,20,18,2,second earnings eps beats
2025-08-14,WestRock,40,7,25,8,estimates yahoo finance
2025-08-14,Weyerhaeuser,40,14,20,6,analysis outlook cautious
2025-08-14,Whirlpool,40,15,19,6,motley fool
2025-08-14,Williams,40,13,21,6,funeral home
2025-08-14,Xcel Energy,40,31,2,7,denver solar minnesota com
2025-08-14,XPO Logistics,40,10,23,7,how pepsico emissions com
2025-08-14,Yum Brands,40,19,14,7,pizza hut
2025-08-14,Zoetis,40,22,15,3,zts invested 000 years
2025-08-15,3M,40,16,19,5,dispute insurance pfas litigation
2025-08-15,A-Mark Precious Metals,40,36,4,0,None
2025-08-15,Abbott Laboratories,40,20,16,4,abt precision trading risk
2025-08-15,AbbVie,40,13,21,6,study potential game-changer
2025-08-15,Advance Auto Parts,40,13,15,12,outlook sales fall
2025-08-15,Advanced Micro Devices,10,6,2,2,nvidia amd palantir nearly
2025-08-15,AES,40,21,13,6,analysis outlook
2025-08-15,Aflac,40,14,16,10,insurance industry
2025-08-15,AGCO,40,20,16,4,orders immediate suspension
2025-08-15,Air Products & Chemicals,40,15,23,2,why floating higher motley
2025-08-15,Alaska Air Group,40,14,24,2,alk suffers larger drop
2025-08-15,Albertsons,40,14,14,12,kroger settles wholesale
2025-08-15,Allstate,40,18,17,5,analysis outlook technical
2025-08-15,Ally Financial,40,15,24,1,earnings miss lower loans
2025-08-15,Alphabet,40,17,20,3,googl gets buy reaffirmation
2025-08-15,Altria Group,40,16,20,4,motley fool
2025-08-15,Amazon,40,34,2,4,investor business daily
2025-08-15,American Airlines Group,40,16,19,5,aal flies higher
2025-08-15,American Express,40,20,16,4,amex forget platinum favorite
2025-08-15,American International Group,40,6,25,9,target lowered kbw
2025-08-15,Ameriprise Financial,40,23,15,2,lpl advisors
2025-08-15,AmerisourceBergen,40,13,14,13,lobbying 000 cencora
2025-08-15,Amgen,40,15,18,7,fierce pharma
2025-08-15,Amphenol,40,12,22,6,credo technology
2025-08-15,Antero Resources,40,11,28,1,roth capital lowers due
2025-08-15,Aon,40,9,16,15,faces lawsuit alleged
2025-08-15,APA,40,16,13,11,austin pets alive
2025-08-15,Apple,40,14,21,5,accidentally leaked
2025-08-15,Applied Materials,40,4,17,19,sink weak china
2025-08-15,Aramark,40,20,14,6,fenway park workers
2025-08-15,Archer Daniels Midland,40,22,15,3,adm epa finalizes order
2025-08-15,Arrow Electronics,40,17,21,2,unpacking contradictions inventory lead
2025-08-15,Asbury Automotive Group,40,11,25,4,abg marketbeat seaport res
2025-08-15,Assurant,40,21,18,1,key contradictions tariffs auto
2025-08-15,AT&T,40,8,26,6,pay 177m customers
2025-08-15,Athene Holding,40,20,19,1,prt lawsuits get split
2025-08-15,Atmos Energy,40,38,1,1,earnings lag estimates revenues
2025-08-15,Autoliv,40,23,16,1,how investors respond alv
2025-08-15,Automatic Data Processing,40,18,17,5,adp why analysis outlook
2025-08-15,AutoNation,40,13,21,6,target 228
2025-08-15,AutoZone,40,12,10,18,maple heights man
2025-08-15,Avis Budget Group,40,9,23,8,why falling
2025-08-15,Baker Hughes,40,16,14,10,oil gas rig
2025-08-15,Ball,40,18,17,5,times explaining aston villa
2025-08-15,Bank of America,40,23,12,5,fed rates weaker dollar
2025-08-15,Bank of New York Mellon,40,29,10,1,prudential holdings corporation nyse
2025-08-15,Becton Dickinson,40,18,19,3,waters buy unit
2025-08-15,Berkshire Hathaway,40,10,27,3,buy while
2025-08-15,Best Buy,40,38,1,1,duo works together steal
2025-08-15,Biogen,40,11,27,2,vital signs stoke ing
2025-08-15,BlackRock,40,15,19,6,vanguard bitcoin etfs rick
2025-08-15,Blackstone,40,14,12,14,police comfort dog
2025-08-15,Boeing,40,7,21,12,second week
2025-08-15,Booking Holdings,40,23,13,4,bkng ainvest pity competitors
2025-08-15,BorgWarner,40,24,15,1,close battery parts plants
2025-08-15,Boston Properties,40,9,26,5,investing com
2025-08-15,Boston Scientific,40,18,15,7,yahoo finance
2025-08-15,Bristol-Myers Squibb,40,13,19,8,study potential game-changer
2025-08-15,Broadcom,40,14,19,7,avgo nvidia poised next
2025-08-15,Bunge,40,14,20,6,recall 800 lbs
2025-08-15,C.H. Robinson,40,13,22,5,air cargo
2025-08-15,C.H. Robinson Worldwide,40,14,23,3,what debt equity ratio
2025-08-15,Campbell Soup,40,12,21,7,hits 52-week low
2025-08-15,Capital One Financial,40,18,17,5,corporation nyse cof
2025-08-15,Cardinal Health,40,10,20,10,cah falls dismal
2025-08-15,Cargill,40,8,23,9,fire crews respond
2025-08-15,Carlisle,40,16,13,11,cumbria star
2025-08-15,CarMax,40,8,25,7,yahoo finance
2025-08-15,Caterpillar,40,11,20,9,deere count costs
2025-08-15,CBRE Group,40,15,22,3,analysis outlook
2025-08-15,CDW,40,17,19,4,services investments shape
2025-08-15,Celanese,40,8,15,17,target lowered deutsche
2025-08-15,Centene,40,13,10,17,class action lawsuit
2025-08-15,CenterPoint Energy,40,25,5,10,aware monitoring tropical
2025-08-15,Century Communities,40,11,25,4,marketbeat outlook revised negative
2025-08-15,Cerner,40,13,23,4,health union system almost
2025-08-15,CF Industries Holdings,40,21,15,4,overweight nyse marketbeat earnings
2025-08-15,Charter Communications,40,15,13,12,worst day ever
2025-08-15,Chevron,40,15,17,8,phillips chemical 130
2025-08-15,Chubb,40,19,18,3,analysis outlook
2025-08-15,Cigna Group,40,19,15,6,falls earnings
2025-08-15,Cisco Systems,40,12,22,6,thursday benzinga why sank
2025-08-15,Citigroup,40,15,20,5,citi com pitches first-of-its-kind
2025-08-15,Citizens Financial Group,40,18,18,4,analysis outlook cautious
2025-08-15,Coca-Cola,40,13,22,5,all com how superfan
2025-08-15,Cognizant Technology Solutions,40,32,6,2,hike wages employees november
2025-08-15,Colgate-Palmolive,40,21,12,7,company nyse
2025-08-15,Comcast,12,0,9,3,bumping monumental sports network
2025-08-15,Consolidated Edison,40,9,27,4,earnings analysis outlook technical
2025-08-15,Constellation Energy,40,36,2,2,ceg what before investing
2025-08-15,Corning,40,25,12,3,yahoo energy strikes partnership
2025-08-15,Costco Wholesale,40,14,19,7,cost seeking alpha
2025-08-15,Coterra Energy,40,36,2,2,reverses rig reduction plans
2025-08-15,Crown Holdings,40,19,19,2,second earnings revenues beat
2025-08-15,CSX,40,13,21,6,carolina training federal appeals
2025-08-15,Cummins,40,14,23,3,drop truck demand hits
2025-08-15,CVS Health,40,23,16,1,patients forced switch zepbound
2025-08-15,D.R. Horton,40,11,28,1,concord residents fight ludicrous
2025-08-15,Darden Restaurants,40,20,18,2,bank nova scotia position
2025-08-15,DaVita,40,22,11,7,despite earnings beat
2025-08-15,Deere,40,11,16,13,iowa john blames
2025-08-15,Dell Technologies,40,13,27,0,None
2025-08-15,Delta Air Lines,40,8,18,14,during pushback gate
2025-08-15,Devon Energy,40,35,3,2,supply deal
2025-08-15,Discover,40,12,25,3,fox chase cancer
2025-08-15,Discover Financial Services,40,14,23,3,week years never managed
2025-08-15,DISH Network,40,8,24,8,streamtv insider
2025-08-15,Dollar General,40,10,19,11,instant coffee
2025-08-15,Dollar Tree,40,18,19,3,philadelphia shoplifters start fire
2025-08-15,Dominion Energy,40,27,7,6,loudoun county neighbors
2025-08-15,Dow,40,17,18,5,500 nasdaq
2025-08-15,DTE Energy,40,32,3,5,county responds lawsuit solar
2025-08-15,Duke Energy,40,30,3,7,hospitalized pinellas county
2025-08-15,DXC Technology,40,10,29,1,business continuity disaster recovery
2025-08-15,Eastman Chemical,40,6,13,21,federal lawsuit filed
2025-08-15,eBay,40,18,20,2,lawsuit natick couple harassed
2025-08-15,Ecolab,40,14,22,4,acquire ovivo unit
2025-08-15,Edison International,40,14,22,4,eaton fire
2025-08-15,Elevance Health,40,12,16,12,when healthcare giant
2025-08-15,Eli Lilly,40,9,21,10,yahoo finance
2025-08-15,Emerson Electric,40,22,14,4,nyse emr marketbeat
2025-08-15,Entergy,40,25,13,2,precision trading corporation etr
2025-08-15,Enterprise Products Partners,40,18,13,9,oil leak houston
2025-08-15,EOG Resources,40,11,27,2,stake nyse marketbeat
2025-08-15,Equifax,40,24,9,7,consumer pay errors credit
2025-08-15,Erie Insurance Group,40,19,13,8,cyber cyberattack baltimore maryland
2025-08-15,Estee Lauder,40,9,27,4,big short investor
2025-08-15,Eversource Energy,40,33,3,4,second earnings revenues
2025-08-15,Exelon,40,17,20,3,more potential data center
2025-08-15,Expeditors Intl. of Washington,5,2,3,0,None
2025-08-15,Exxon Mobil,40,13,20,7,venezuela rejects start
2025-08-15,FedEx,40,21,12,7,driver arrested stealing
2025-08-15,Fidelity National Financial,40,15,21,4,fnf earnings estimates property
2025-08-15,Fifth Third Bancorp,40,24,16,0,None
2025-08-15,FirstEnergy,40,17,15,8,power outages wkyc
2025-08-15,Fiserv,40,14,18,8,class action lawsuit
2025-08-15,Fluor,40,17,12,11,gladstone lng dispute
2025-08-15,FMC,40,15,19,6,cisco flaw firm reuters
2025-08-15,Ford Motor,40,17,18,5,yahoo finance
2025-08-15,Fortune Brands Innovations,40,11,24,5,visible weaknesses
2025-08-15,Franklin Resources,40,19,19,2,earnings ben ongoing buyback
2025-08-15,Freeport-McMoRan,40,18,15,7,former phoenix tower
2025-08-15,General Dynamics,40,35,3,2,pro-palestinian group protests front
2025-08-15,General Electric,40,10,28,2,company lobbying portland bottom
2025-08-15,General Mills,40,19,15,6,wicked cereals weak murder
2025-08-15,General Motors,40,19,15,6,company nyse
2025-08-15,Genuine Parts,40,14,23,3,analysis outlook
2025-08-15,Gilead Sciences,40,19,17,4,fierce biotech
2025-08-15,Goldman Sachs Group,40,11,22,7,target lowered marketbeat
2025-08-15,Group 1,40,13,22,5,automotive business carl vinson
2025-08-15,Group 1 Automotive,40,15,23,2,record revenues gross profit
2025-08-15,Guardian Life Ins. Co. of America,9,3,5,1,look which fortune 500
2025-08-15,GXO Logistics,40,13,24,3,comment end pump dump
2025-08-15,Halliburton,40,21,14,5,outlook demand ceo analysis
2025-08-15,Harley-Davidson,40,12,23,5,bike diesel hell yeah
2025-08-15,Hartford Financial Services Group,40,18,19,3,lobbying 000 just disclosed
2025-08-15,HCA Healthcare,40,21,10,9,mission health settle
2025-08-15,Hershey,40,17,17,6,where buy
2025-08-15,Hess,40,14,10,16,phillip iii obituary
2025-08-15,Hewlett Packard Enterprise,40,7,30,3,hpe warns hardcoded passwords
2025-08-15,HF Sinclair,40,14,19,7,issues million-dollar penalties
2025-08-15,Hilton Worldwide Holdings,40,18,20,2,nyse hlt marketbeat
2025-08-15,Home Depot,40,5,13,22,ladders sold recalled
2025-08-15,Honeywell International,40,18,18,4,nasdaq hon marketbeat
2025-08-15,Howmet Aerospace,40,21,14,5,analysis outlook
2025-08-15,HP,40,17,15,8,com announces updated set
2025-08-15,Humana,40,24,10,6,nyse hum
2025-08-15,Huntington Ingalls Industries,40,22,13,5,motley fool
2025-08-15,Icahn Enterprises,40,8,21,11,nasdaq iep seeking
2025-08-15,Illinois Tool Works,40,15,20,5,limited upside
2025-08-15,Ingredion,40,16,18,6,ingr loses weeks
2025-08-15,Insight Enterprises,40,14,19,7,revenue estimates yahoo
2025-08-15,Intel,40,14,25,1,having historic week trump
2025-08-15,Intercontinental Exchange,40,21,13,6,nyse ice marketbeat
2025-08-15,International Paper,40,18,22,0,None
2025-08-15,Interpublic Group,40,15,23,2,analysis companies outlook
2025-08-15,Iron Mountain,40,13,20,7,union contracts terminated
2025-08-15,J.B. Hunt Transport Services,40,15,18,7,yahoo finance
2025-08-15,J.M. Smucker,40,16,18,6,yahoo finance
2025-08-15,Jacobs Engineering Group,40,16,21,3,why solutions falling motley
2025-08-15,Jefferies Financial Group,40,20,16,4,marketbeat nyse ex-jefferies fund
2025-08-15,Johnson & Johnson,40,21,17,2,ordered pay 42m jury
2025-08-15,Jones Lang LaSalle,40,17,23,0,None
2025-08-15,Kaiser Permanente,40,16,19,5,sacramento sheriff delayed shooting
2025-08-15,KB Home,40,19,17,4,full-year outlook consumer
2025-08-15,KeyCorp,40,21,14,5,target lowered marketbeat
2025-08-15,Kimberly-Clark,40,21,17,2,kleenex-owner strikes deal international
2025-08-15,Kimco Realty,40,22,14,4,weak technical picture
2025-08-15,Kinder Morgan,40,39,1,0,None
2025-08-15,KKR,40,15,20,5,supply leads private debt
2025-08-15,Kraft Heinz,40,10,19,11,factories lose immigrant
2025-08-15,Kroger,40,18,7,15,ceo mysteriously resigned
2025-08-15,L3Harris Technologies,40,22,15,3,lhx zones nyse using
2025-08-15,Lam Research,40,19,18,3,lrcx stifel affirms buy
2025-08-15,Las Vegas Sands,40,13,25,2,lvs precision trading risk
2025-08-15,Lear,40,17,17,6,funeral home
2025-08-15,Leidos Holdings,40,24,12,4,nyse ldos marketbeat
2025-08-15,Lennar,40,13,26,1,charles county resident raises
2025-08-15,Liberty Mutual Insurance Group,40,31,3,6,business america
2025-08-15,Lincoln National,40,16,16,8,ruidoso-nm gov
2025-08-15,Lithia Motors,40,20,14,6,nyse lad marketbeat
2025-08-15,LKQ,40,19,15,6,corporation nasdaq
2025-08-15,Lockheed Martin,40,18,14,8,class action lawsuit
2025-08-15,Loews,40,20,17,3,corporation nyse
2025-08-15,Lowe's,40,19,10,11,lowers position companies
2025-08-15,Marathon Petroleum,40,20,17,3,ainvest volume plummets rank
2025-08-15,Markel,40,11,26,3,insurance appoints alison sweeney
2025-08-15,Marriott International,40,18,20,2,holdings nasdaq mar
2025-08-15,Marsh & McLennan,40,18,18,4,mmc brokersafe companies facility
2025-08-15,Masco,40,14,22,4,analysis outlook
2025-08-15,Massachusetts Mutual Life Insurance,40,13,19,8,massmutual haven jobs business
2025-08-15,MasTec,40,19,19,2,rising tariffs trade
2025-08-15,Medtronic,40,25,13,2,set outperform tariff worries
2025-08-15,Merck,40,9,20,11,keytruda bladder cancer
2025-08-15,Meritage Homes,40,16,17,7,nyse mth target
2025-08-15,MetLife,40,19,20,1,chemical romance gives belleville
2025-08-15,Micron Technology,40,17,21,2,demand insatiable data centers
2025-08-15,Microsoft,40,12,18,10,com pcmag stricter return-to-office
2025-08-15,Mohawk Industries,40,21,16,3,vanguard group stake nyse
2025-08-15,Molina Healthcare,40,12,15,13,yahoo finance
2025-08-15,Mondelez International,40,20,14,6,nasdaq mdlz marketbeat
2025-08-15,Moody's,40,12,15,13,physical transition risk
2025-08-15,Morgan Stanley,40,18,18,4,target links nio sell-off
2025-08-15,Mosaic,40,17,18,5,world war returned
2025-08-15,Netflix,40,18,16,6,night always comes
2025-08-15,New York Life Insurance,40,14,23,3,investments unpacks sovereign risk
2025-08-15,Newell Brands,40,9,22,9,fy25 outlook incorporate
2025-08-15,Newmont,40,19,17,4,resigns chief nem cfo
2025-08-15,NextEra Energy,40,29,3,8,xplr infrastructure partners
2025-08-15,Norfolk Southern,40,12,25,3,rail customers urge regulators
2025-08-15,Northern Trust,40,37,0,3,potential bny merger
2025-08-15,Northrop Grumman,40,17,21,2,war zone
2025-08-15,Northwestern Mutual,40,17,13,10,tariff tariffs financial uncertainty
2025-08-15,NRG Energy,40,36,2,2,slashes swing net yahoo
2025-08-15,Nucor,40,13,23,4,yahoo finance
2025-08-15,Nvidia,40,16,16,8,trump amd chip deal
2025-08-15,NVR,40,18,16,6,industrials stocks warning
2025-08-15,O'Reilly Automotive,40,20,15,5,motley fool
2025-08-15,Occidental Petroleum,40,27,12,1,buy dip motley fool
2025-08-15,Old Dominion Freight Line,40,19,17,4,hits 52-week low
2025-08-15,Omnicom Group,40,15,20,5,analysis outlook mixed
2025-08-15,Oneok,40,15,22,3,nyse oke
2025-08-15,Oracle,40,11,24,5,cloud jobs com tech
2025-08-15,Otis Worldwide,40,17,19,4,corporation investigated regarding potential
2025-08-15,Ovintiv,40,19,19,2,utah tribe loses bid
2025-08-15,Paccar,40,17,19,4,marketbeat age alpha advisors
2025-08-15,Pacific Gas and Electric,40,25,9,6,dam removal
2025-08-15,Parker-Hannifin,40,19,16,5,corporation nyse marketbeat
2025-08-15,PayPal Holdings,40,19,18,3,nasdaq pypl marketbeat
2025-08-15,PBF Energy,40,31,2,7,yahoo finance
2025-08-15,Penske,40,15,18,7,federal agents
2025-08-15,Penske Automotive Group,40,11,28,1,nyse pag pay larger
2025-08-15,PepsiCo,40,15,20,5,yahoo finance
2025-08-15,Pfizer,40,11,15,14,padcev plus keytruda
2025-08-15,PG&E,40,17,17,6,virtual public meeting last
2025-08-15,Philip Morris International,40,16,20,4,yahoo finance
2025-08-15,Phillips 66,40,12,17,11,gasoline output bayway
2025-08-15,Pioneer Natural Resources,40,20,9,11,crude oil oilprice
2025-08-15,Plains GP Holdings,40,19,18,3,investing com
2025-08-15,PNC Financial Services Group,40,20,19,1,announces leadership changes risk
2025-08-15,PPG Industries,40,20,18,2,seaport res ptn forecasts
2025-08-15,PPL,40,16,23,1,workers paycheck problems persist
2025-08-15,Principal Financial Group,40,17,20,3,swiss national bank lowers
2025-08-15,Procter & Gamble,40,20,13,7,tariffs earnings pampers maker
2025-08-15,Progressive,40,16,17,7,boy khanna deficit sanctuary
2025-08-15,Prudential Financial,40,13,19,8,analysis outlook
2025-08-15,Public Service Enterprise Group,40,17,21,2,hard make case current
2025-08-15,Publix Super Markets,40,15,20,5,lakeland ledger
2025-08-15,PulteGroup,40,19,18,3,community results weaken housing
2025-08-15,Quanta Services,40,17,15,8,day streak return
2025-08-15,Quest Diagnostics,40,17,20,3,what learned jaxson dart
2025-08-15,Raymond James Financial,40,18,19,3,lowered marketbeat
2025-08-15,Realty Income,40,15,15,10,reasons buy like
2025-08-15,Regeneron Pharmaceuticals,40,16,18,6,cancer treatment
2025-08-15,Regions Financial,40,20,20,0,None
2025-08-15,Reinsurance Group of America,40,22,16,2,incorporated nyse rga
2025-08-15,Republic Services,40,10,11,19,gov healey demands
2025-08-15,Robert Half International,40,9,13,18,hits 52-week low
2025-08-15,Rockwell Automation,40,15,23,2,critical flaws patched factorytalk
2025-08-15,Ross Stores,40,17,20,3,analysis outlook
2025-08-15,RTX,12,6,6,0,None
2025-08-15,Ryder System,40,22,15,3,investors nyse aren entirely
2025-08-15,S&P Global,40,15,17,8,investing com
2025-08-15,Salesforce,40,15,18,7,jitter attacks trends lower
2025-08-15,Sempra,40,30,8,2,ainvest energy climbs drop
2025-08-15,ServiceNow,40,19,20,1,growth buy right now
2025-08-15,Sherwin-Williams,40,12,17,11,construction site cleveland
2025-08-15,Simon Property Group,40,17,18,5,debt refinancing
2025-08-15,Sonic Automotive,40,6,31,3,net misunderstood retail disruptor
2025-08-15,Sonoco Products,40,18,18,4,nyse son
2025-08-15,Southern,40,10,20,10,man accused
2025-08-15,Southwest Airlines,40,10,17,13,bodycam video shows
2025-08-15,Southwestern Energy,40,35,3,2,trespass claim district court
2025-08-15,Stanley Black & Decker,40,10,23,7,jim cramer expresses
2025-08-15,Starbucks,40,9,20,11,customers south korea
2025-08-15,State Farm Insurance,40,13,21,6,los angeles times
2025-08-15,Stellantis,10,0,5,5,toledo jeep plant
2025-08-15,StoneX Group,40,18,19,3,snex earnings
2025-08-15,Stryker,40,15,16,9,medtech dive
2025-08-15,Synchrony Financial,40,19,16,5,lowers holdings nyse
2025-08-15,Sysco,40,16,15,9,strike international brotherhood
2025-08-15,T-Mobile US,40,21,17,2,narb chastises savings claims
2025-08-15,Targa Resources,40,15,20,5,earnings beat estimates
2025-08-15,Target,40,16,16,8,traffic austin shooting foot
2025-08-15,Taylor Morrison Home,40,15,24,1,why tmhc trading lower
2025-08-15,TD Synnex,40,22,18,0,None
2025-08-15,Teleflex,40,10,27,3,nyse tfx
2025-08-15,Tenet Healthcare,40,14,20,6,yahoo finance
2025-08-15,Texas Instruments,40,15,17,8,falls weak
2025-08-15,Textron,40,21,17,2,aviation why slumped motley
2025-08-15,Thermo Fisher Scientific,40,20,18,2,receives fda approval ngs-based
2025-08-15,TIAA,40,13,24,3,retirement funds
2025-08-15,TJX,40,13,22,5,companies nyse marketbeat
2025-08-15,Toll Brothers,40,11,27,2,wedbush marketscreener long-term outlook
2025-08-15,Tractor Supply,40,22,17,1,california privacy agency escalate
2025-08-15,Travelers,40,12,18,10,air canada
2025-08-15,Truist Financial,40,16,21,3,marketbeat nasdaq target lowers
2025-08-15,Tyson Foods,40,11,27,2,sen ossoff releases statement
2025-08-15,U.S. Bancorp,40,21,16,3,bank futu debuts education
2025-08-15,U.S. Postal Service,40,15,18,7,delayed louis
2025-08-15,Union Pacific,40,8,18,14,train cars derail
2025-08-15,United Airlines Holdings,40,39,1,0,None
2025-08-15,United Rentals,40,37,3,0,None
2025-08-15,UnitedHealth Group,40,11,22,7,motley fool
2025-08-15,Universal Health Services,40,17,17,6,faces revenue uncertainty
2025-08-15,Unum Group,40,14,19,7,yahoo finance
2025-08-15,US Foods Holding,40,22,17,1,second earnings misses expectations
2025-08-15,USAUSA,40,15,20,5,usa usa
2025-08-15,V.F.,40,13,20,7,yahoo finance
2025-08-15,Valero Energy,40,36,1,3,why investors shouldn panic
2025-08-15,Ventas,40,19,18,3,nyse vtr marketbeat
2025-08-15,Veritiv,40,14,21,5,rigid containers business
2025-08-15,Verizon Communications,40,23,16,1,past five-year earnings decline
2025-08-15,VF,40,14,18,8,yahoo finance
2025-08-15,Viatris,40,17,19,4,yahoo finance
2025-08-15,W. R. Berkley,40,15,19,6,business profit catastrophe corporation
2025-08-15,W.W. Grainger,40,13,23,4,nyse gww
2025-08-15,Walgreens Boots Alliance,40,9,23,8,flu going shareholders overwhelmingly
2025-08-15,Walmart,40,12,14,14,stabbing suspect set
2025-08-15,Warner Bros. Discovery,40,16,23,1,box office record exactly
2025-08-15,Waste Management,40,10,4,26,outlook wall street
2025-08-15,Wayfair,40,14,25,1,shop 72-hour clearout sale
2025-08-15,WESCO International,40,19,20,1,note nyse wcc roe
2025-08-15,Western Digital,40,17,20,3,focus precision trading corporation
2025-08-15,Westinghouse Air Brake Technologies,40,20,18,2,second earnings eps beats
2025-08-15,WestRock,40,7,23,10,estimates yahoo finance
2025-08-15,Weyerhaeuser,40,14,19,7,analysis outlook cautious
2025-08-15,Whirlpool,40,11,22,7,iam union
2025-08-15,Williams,40,11,23,6,kyle shanahan reveals why
2025-08-15,Xcel Energy,40,34,3,3,wants approval keep operating
2025-08-15,XPO Logistics,40,14,21,5,how pepsico emissions reasons
2025-08-15,Yum Brands,40,18,15,7,pizza hut
2025-08-15,Zoetis,40,23,14,3,zts invested 000 years
2025-08-16,Home Depot,40,7,7,26,ladders sold recalled
2025-08-16,Eastman Chemical,40,6,13,21,federal lawsuit filed
2025-08-16,Applied Materials,40,5,16,19,sink weak china
2025-08-16,Moody's,40,13,8,19,more companies skip
2025-08-16,AutoZone,40,14,8,18,outside bedford cleveland
2025-08-16,Celanese,40,9,13,18,weak demand investing
2025-08-16,Robert Half International,40,9,13,18,hits 52-week low
2025-08-16,Southwest Airlines,40,11,11,18,bodycam video shows
2025-08-16,Centene,40,14,9,17,yahoo finance
2025-08-16,Republic Services,40,9,14,17,gov healey demands
2025-08-16,Aon,40,11,13,16,credit insurance start-ups
2025-08-16,Hess,40,14,11,15,rudd funeral home
2025-08-16,Stellantis,40,12,13,15,worker killed toledo
2025-08-16,Pfizer,40,11,15,14,sickle cell disease
2025-08-16,Union Pacific,40,11,15,14,train cars derail
2025-08-16,Advance Auto Parts,40,13,14,13,outlook takes debt
2025-08-16,AmerisourceBergen,40,12,15,13,lobbying 000 cencora
2025-08-16,Blackstone,40,17,10,13,blackstone-backed legence reveals
2025-08-16,Boeing,40,9,18,13,second week
2025-08-16,Southern,40,11,16,13,wildfires rage europe
2025-08-16,Baker Hughes,40,15,13,12,oil gas rig
2025-08-16,Carlisle,40,15,13,12,cumbria star
2025-08-16,Charter Communications,40,16,12,12,act domestic terrorism
2025-08-16,Delta Air Lines,40,12,16,12,men journal
2025-08-16,Fluor,40,17,11,12,gladstone lng dispute
2025-08-16,Kroger,40,16,12,12,failed albertsons merger
2025-08-16,Sherwin-Williams,40,10,18,12,construction site cleveland
2025-08-16,Starbucks,40,5,23,12,customers stop bringing
2025-08-16,Walmart,40,16,12,12,parking lot
2025-08-16,Dow,40,14,15,11,fed rate bets
2025-08-16,Elevance Health,40,13,16,11,when healthcare giant
2025-08-16,Icahn Enterprises,40,7,22,11,nasdaq iep seeking
2025-08-16,Target,40,18,11,11,shooting north austin
2025-08-16,AES,40,17,13,10,analysis outlook
2025-08-16,Aflac,40,16,14,10,data breach
2025-08-16,Caterpillar,40,12,18,10,deere count costs
2025-08-16,CenterPoint Energy,40,26,4,10,aware monitoring tropical
2025-08-16,Enterprise Products Partners,40,18,12,10,oil leak houston
2025-08-16,FirstEnergy,40,17,13,10,power outages wkyc
2025-08-16,HCA Healthcare,40,21,9,10,mission health settle
2025-08-16,Merck,40,9,21,10,firstword pharma
2025-08-16,Pioneer Natural Resources,40,21,9,10,exxon board
2025-08-16,Realty Income,40,16,14,10,dirt cheap stocks
2025-08-16,Texas Instruments,40,11,19,10,falls weak
2025-08-16,Albertsons,40,14,17,9,kroger settles wholesale
2025-08-16,Campbell Soup,40,10,21,9,lowered bernstein socgen
2025-08-16,Cargill,40,7,24,9,fire crews respond
2025-08-16,Eli Lilly,40,13,18,9,bribing providers
2025-08-16,Lincoln National,40,16,15,9,corporation nyse lnc
2025-08-16,Lowe's,40,21,10,9,low surges indication
2025-08-16,Massachusetts Mutual Life Insurance,40,12,19,9,massmutual haven jobs business
2025-08-16,Molina Healthcare,40,10,21,9,earnings outlook again pressures
2025-08-16,Northwestern Mutual,40,20,11,9,tariff uncertainty tariffs future
2025-08-16,Stryker,40,17,14,9,medtech dive
2025-08-16,Travelers,40,18,13,9,flight attendants strike
2025-08-16,Walgreens Boots Alliance,40,9,22,9,motley fool
2025-08-16,American International Group,40,10,22,8,target lowered kbw
2025-08-16,Avis Budget Group,40,9,23,8,why falling
2025-08-16,Bristol-Myers Squibb,40,12,20,8,study potential game-changer
2025-08-16,Cardinal Health,40,12,20,8,yahoo finance
2025-08-16,Equifax,40,24,8,8,consumer pay errors credit
2025-08-16,Erie Insurance Group,40,19,13,8,cyber cyberattack baltimore maryland
2025-08-16,Freeport-McMoRan,40,16,16,8,former phoenix tower
2025-08-16,General Mills,40,18,14,8,wicked cereals weak soup
2025-08-16,Kraft Heinz,40,10,22,8,factories lose immigrant
2025-08-16,Netflix,40,20,12,8,more stranger things creators
2025-08-16,NextEra Energy,40,28,4,8,xplr infrastructure partners
2025-08-16,Nvidia,40,17,15,8,motley fool
2025-08-16,Oracle,40,12,20,8,tech layoffs
2025-08-16,Salesforce,40,19,13,8,attacks faces crm jitter
2025-08-16,Sysco,40,21,11,8,strike international brotherhood
2025-08-16,Amgen,40,15,18,7,fierce pharma
2025-08-16,Amphenol,40,11,22,7,credo technology settle
2025-08-16,APA,40,17,16,7,american psychological association
2025-08-16,Apple,40,14,19,7,iphone products leaked every
2025-08-16,BlackRock,40,12,21,7,yahoo finance
2025-08-16,Boston Scientific,40,17,16,7,tctmd com
2025-08-16,Broadcom,40,16,17,7,avgo nvidia more room
2025-08-16,Bunge,40,15,18,7,recall 800 lbs
2025-08-16,Cigna Group,40,20,13,7,second earnings revenues
2025-08-16,Coca-Cola,40,17,16,7,coke flavor
2025-08-16,Colgate-Palmolive,40,20,13,7,company nyse
2025-08-16,Costco Wholesale,40,14,19,7,inflation ticking upwards
2025-08-16,DaVita,40,21,12,7,despite earnings beat
2025-08-16,Deere,40,8,25,7,john farmers machinery plunges
2025-08-16,DISH Network,40,7,26,7,thedesk net
2025-08-16,Dollar General,40,7,26,7,instant coffee
2025-08-16,Fiserv,40,13,20,7,opportunity lead securities
2025-08-16,HF Sinclair,40,19,14,7,cash tender offer
2025-08-16,Howmet Aerospace,40,20,13,7,analysis outlook cautious
2025-08-16,Insight Enterprises,40,12,21,7,revenue estimates yahoo
2025-08-16,J.B. Hunt Transport Services,40,15,18,7,yahoo finance
2025-08-16,Kaiser Permanente,40,14,19,7,sacramento county sheriff policy
2025-08-16,Meritage Homes,40,15,18,7,nyse mth target
2025-08-16,Penske,40,16,17,7,federal agents
2025-08-16,Phillips 66,40,15,18,7,gasoline output bayway
2025-08-16,Quanta Services,40,17,16,7,day streak return
2025-08-16,S&P Global,40,11,22,7,crude com kazakhstan diverting
2025-08-16,Targa Resources,40,15,18,7,earnings beat estimates
2025-08-16,U.S. Postal Service,40,14,19,7,cards mail
2025-08-16,V.F.,40,14,19,7,yahoo finance
2025-08-16,VF,40,15,18,7,yahoo finance
2025-08-16,W. R. Berkley,40,13,20,7,business profit catastrophe analysis
2025-08-16,XPO Logistics,40,9,24,7,how pepsico emissions com
2025-08-16,AutoNation,40,13,21,6,target 228
2025-08-16,C.H. Robinson,40,12,22,6,worldwide nasdaq chrw
2025-08-16,CarMax,40,8,26,6,outlook buying analysis mixed
2025-08-16,Cisco Systems,40,13,21,6,thursday benzinga why sank
2025-08-16,Comcast,40,14,20,6,frustrated dealings letter lancasteronline
2025-08-16,CSX,40,14,20,6,training releases statement train
2025-08-16,Dominion Energy,40,26,8,6,loudoun county neighbors
2025-08-16,Emerson Electric,40,16,18,6,nyse emr marketbeat
2025-08-16,FMC,40,14,20,6,cisco flaw warns cvss
2025-08-16,Gilead Sciences,40,21,13,6,fierce biotech
2025-08-16,Ingredion,40,16,18,6,ingr loses weeks
2025-08-16,Iron Mountain,40,13,21,6,union contracts terminated
2025-08-16,J.M. Smucker,40,16,18,6,yahoo finance
2025-08-16,Johnson & Johnson,40,15,19,6,jnj cancer how advancing
2025-08-16,KKR,40,14,20,6,private debt deal
2025-08-16,Lear,40,15,19,6,funeral home
2025-08-16,Liberty Mutual Insurance Group,40,31,3,6,business america
2025-08-16,Lockheed Martin,40,21,13,6,class action lawsuit
2025-08-16,Micron Technology,40,14,20,6,demand insatiable data centers
2025-08-16,Newmont,40,21,13,6,nem resigns chief com
2025-08-16,NVR,40,19,15,6,industrials stocks warning
2025-08-16,Oneok,40,14,20,6,nyse oke marketbeat
2025-08-16,Pacific Gas and Electric,40,24,10,6,customers data center demand
2025-08-16,PBF Energy,40,32,2,6,yahoo finance
2025-08-16,PG&E,40,18,16,6,virtual public meeting last
2025-08-16,Procter & Gamble,40,21,13,6,tariffs increase part due
2025-08-16,Progressive,40,15,19,6,progressives khanna deficit mass
2025-08-16,RTX,40,15,19,6,tom hardware
2025-08-16,Simon Property Group,40,18,16,6,debt refinancing
2025-08-16,Stanley Black & Decker,40,10,24,6,tuesday motley fool
2025-08-16,State Farm Insurance,40,14,20,6,los angeles times
2025-08-16,Synchrony Financial,40,20,14,6,lowers holdings nyse
2025-08-16,Tenet Healthcare,40,15,19,6,yahoo finance
2025-08-16,TJX,40,13,21,6,companies nyse marketbeat
2025-08-16,UnitedHealth Group,40,9,25,6,motley fool
2025-08-16,Universal Health Services,40,18,16,6,faces revenue uncertainty
2025-08-16,WestRock,40,9,25,6,estimates yahoo finance
2025-08-16,Weyerhaeuser,40,14,20,6,weak housing
2025-08-16,Whirlpool,40,10,24,6,iam union
2025-08-16,Williams,40,15,19,6,bills burns bears edge
2025-08-16,Yum Brands,40,22,12,6,taco bell
2025-08-16,Abbott Laboratories,40,17,18,5,expert baby labs evidence
2025-08-16,Advanced Micro Devices,40,31,4,5,motley fool
2025-08-16,Allstate,40,19,16,5,analysis outlook technical
2025-08-16,Altria Group,40,16,19,5,motley fool
2025-08-16,Amazon,40,32,3,5,motley fool
2025-08-16,Aramark,40,20,15,5,fenway park
2025-08-16,AT&T,40,8,27,5,pay customers 500
2025-08-16,Automatic Data Processing,40,18,17,5,adp why jumping motley
2025-08-16,Boston Properties,40,7,28,5,investing com
2025-08-16,Capital One Financial,40,16,19,5,corporation nyse cof
2025-08-16,Cerner,40,12,23,5,affected oracle health
2025-08-16,Chubb,40,17,18,5,limited nyse marketbeat
2025-08-16,Citizens Financial Group,40,18,17,5,lowers position nyse
2025-08-16,Danaher,40,12,23,5,corporation nyse dhr
2025-08-16,Discover,40,17,18,5,researchers newswise german dozens
2025-08-16,DTE Energy,40,32,3,5,county responds lawsuit solar
2025-08-16,Estee Lauder,40,8,27,5,big short investor
2025-08-16,Exelon,40,17,18,5,analysis outlook
2025-08-16,Exxon Mobil,40,16,19,5,holdings corporation nyse
2025-08-16,Fidelity National Financial,40,16,19,5,yahoo finance
2025-08-16,Halliburton,40,20,15,5,ceo outlook decline demand
2025-08-16,Harley-Davidson,40,13,22,5,bike rider killed crashing
2025-08-16,Hershey,40,16,19,5,cocoa inside chocolate marketing
2025-08-16,Illinois Tool Works,40,17,18,5,analysis outlook cautious
2025-08-16,Intel,40,13,22,5,ceo times ohio trump
2025-08-16,Lam Research,40,17,18,5,stifel affirms buy
2025-08-16,Lithia Motors,40,18,17,5,nyse lad marketbeat
2025-08-16,LKQ,40,17,18,5,nasdaq marketbeat low lpl
2025-08-16,Markel,40,13,22,5,insurance appoints alison sweeney
2025-08-16,Microsoft,40,13,22,5,stricter return-to-office policy add
2025-08-16,Northrop Grumman,40,19,16,5,concept art
2025-08-16,Old Dominion Freight Line,40,17,18,5,hits 52-week low
2025-08-16,PayPal Holdings,40,18,17,5,nasdaq pypl marketbeat
2025-08-16,Prudential Financial,40,12,23,5,expectations pay 100 ftc
2025-08-16,Publix Super Markets,40,19,16,5,lakeland ledger
2025-08-16,Regeneron Pharmaceuticals,40,20,15,5,nasdaq regn
2025-08-16,State Street,40,12,23,5,com blackrock vanguard bid
2025-08-16,U.S. Bancorp,40,22,13,5,nyse usb marketbeat
2025-08-16,Veritiv,40,15,20,5,rigid containers business
2025-08-16,W.W. Grainger,40,10,25,5,analysis outlook
2025-08-16,Xcel Energy,40,33,2,5,texas blames esg
2025-08-16,AGCO,40,16,20,4,orders immediate suspension
2025-08-16,Air Products & Chemicals,40,17,19,4,earnings titan why floating
2025-08-16,American Airlines Group,40,15,21,4,aal flies higher
2025-08-16,American Express,40,21,15,4,motley fool
2025-08-16,Asbury Automotive Group,40,12,24,4,abg marketbeat judge won
2025-08-16,Ball,40,15,21,4,off eagles struggled both
2025-08-16,Bank of America,40,22,14,4,401 forfeiture lawsuit against
2025-08-16,Becton Dickinson,40,16,20,4,waters buy unit
2025-08-16,C.H. Robinson Worldwide,40,15,21,4,nasdaq chrw
2025-08-16,CBRE Group,40,17,19,4,analysis outlook
2025-08-16,Chevron,40,20,16,4,oil reasons buy like
2025-08-16,Citigroup,40,18,18,4,citi pitches first-of-its-kind debt
2025-08-16,Duke Energy,40,34,2,4,bad creek hydro
2025-08-16,Ecolab,40,15,21,4,ovivo water acquire unit
2025-08-16,Edison International,40,14,22,4,eaton fire
2025-08-16,Eversource Energy,40,33,3,4,second earnings revenues
2025-08-16,FedEx,40,22,14,4,driver arrested stealing
2025-08-16,Ford Motor,40,19,17,4,recalls vehicles 312k power
2025-08-16,Fortune Brands Innovations,40,17,19,4,visible weaknesses
2025-08-16,Group 1,40,12,24,4,automotive carl vinson carrier
2025-08-16,GXO Logistics,40,10,26,4,comment end pump dump
2025-08-16,Humana,40,25,11,4,nyse hum
2025-08-16,Huntington Ingalls Industries,40,23,13,4,motley fool
2025-08-16,Interpublic Group,40,16,20,4,analysis companies outlook
2025-08-16,Jacobs Engineering Group,40,17,19,4,pensacola why solutions falling
2025-08-16,Jefferies Financial Group,40,18,18,4,stake nyse jef
2025-08-16,KB Home,40,19,17,4,full-year outlook consumer
2025-08-16,KeyCorp,40,18,18,4,target lowered marketbeat
2025-08-16,MasTec,40,15,21,4,rising tariffs trade
2025-08-16,Mondelez International,40,20,16,4,nasdaq mdlz marketbeat
2025-08-16,Mosaic,40,19,17,4,world war returned
2025-08-16,Newell Brands,40,13,23,4,earnings nasdaq nwl due
2025-08-16,Omnicom Group,40,18,18,4,analysis outlook mixed
2025-08-16,Otis Worldwide,40,17,19,4,corporation tough china
2025-08-16,Parker-Hannifin,40,17,19,4,corporation nyse marketbeat
2025-08-16,PepsiCo,40,18,18,4,yahoo finance
2025-08-16,Philip Morris International,40,17,19,4,sales miss
2025-08-16,Plains GP Holdings,40,17,19,4,investing com
2025-08-16,Ross Stores,40,14,22,4,analysis outlook
2025-08-16,Teleflex,40,11,25,4,incorporated nyse tfx
2025-08-16,Truist Financial,40,16,20,4,nasdaq marketbeat dip 340th-ranked
2025-08-16,USAUSA,40,17,19,4,usa usa
2025-08-16,Ventas,40,17,19,4,nyse vtr marketbeat
2025-08-16,Viatris,40,15,21,4,novo patent wegovy phase
2025-08-16,Western Digital,40,14,22,4,hard focus seagate spins
2025-08-16,Alaska Air Group,40,11,26,3,reinstates guidance demand rises
2025-08-16,Alphabet,40,17,20,3,googl gets buy reaffirmation
2025-08-16,Ameriprise Financial,40,23,14,3,lpl advisors
2025-08-16,Booking Holdings,40,23,14,3,bkng watkins pity competitors
2025-08-16,Century Communities,40,11,26,3,outlook revised negative global
2025-08-16,CF Industries Holdings,40,24,13,3,overweight nyse marketbeat receives
2025-08-16,Consolidated Edison,40,9,28,3,earnings analysis outlook technical
2025-08-16,Corning,40,23,14,3,fincantieri sues owens faulty
2025-08-16,Crown Holdings,40,17,20,3,fall intraday china diplomatic
2025-08-16,Cummins,40,15,22,3,funeral gloria jean obituary
2025-08-16,Darden Restaurants,40,17,20,3,position nyse dri
2025-08-16,Discover Financial Services,40,15,22,3,week years never managed
2025-08-16,Dollar Tree,40,21,16,3,philadelphia shoplifters start fire
2025-08-16,eBay,40,15,22,3,com how movements inform
2025-08-16,Franklin Resources,40,19,18,3,earnings simplywall ben ongoing
2025-08-16,Genuine Parts,40,14,23,3,lowers holdings company
2025-08-16,Hartford Financial Services Group,40,18,19,3,lobbying 000 just disclosed
2025-08-16,Hewlett Packard Enterprise,40,8,29,3,hpe warns hardcoded passwords
2025-08-16,Honeywell International,40,19,18,3,nasdaq hon
2025-08-16,HP,40,19,18,3,get 2-in-1 laptop crazy
2025-08-16,Intercontinental Exchange,40,16,21,3,holdings nyse ice
2025-08-16,Kimco Realty,40,21,16,3,weak technical picture
2025-08-16,L3Harris Technologies,40,21,16,3,lhx dip 320m volume
2025-08-16,Loews,40,20,17,3,corporation state theater orleans
2025-08-16,Marriott International,40,15,22,3,holdings nasdaq mar
2025-08-16,Masco,40,14,23,3,analysis outlook
2025-08-16,McKesson,40,19,18,3,mck lower earnings shift
2025-08-16,Medtronic,40,26,11,3,things need know buy
2025-08-16,Mohawk Industries,40,21,16,3,vanguard group stake nyse
2025-08-16,Morgan Stanley,40,15,22,3,nio com links sell-off
2025-08-16,New York Life Insurance,40,16,21,3,investments unpacks sovereign risk
2025-08-16,Nucor,40,13,24,3,financial impact severe events
2025-08-16,Ovintiv,40,19,18,3,ovv misses earnings estimates
2025-08-16,PPG Industries,40,19,18,3,marketbeat forsta fonden holdings
2025-08-16,Quest Diagnostics,40,17,20,3,what learned jaxson dart
2025-08-16,Raymond James Financial,40,16,21,3,marketbeat eps wsp global
2025-08-16,Ryder System,40,24,13,3,investors nyse aren entirely
2025-08-16,Sonic Automotive,40,6,31,3,net how sah dividend
2025-08-16,Sonoco Products,40,18,19,3,nyse son
2025-08-16,StoneX Group,40,17,20,3,snex earnings
2025-08-16,T-Mobile US,40,21,16,3,narb chastises savings claims
2025-08-16,Thermo Fisher Scientific,40,19,18,3,yahoo finance
2025-08-16,TIAA,40,13,24,3,retirement funds
2025-08-16,Tyson Foods,40,9,28,3,sen ossoff releases statement
2025-08-16,Unum Group,40,17,20,3,yahoo finance
2025-08-16,Valero Energy,40,36,1,3,why investors shouldn panic
2025-08-16,Verizon Communications,40,19,18,3,earnings nyse marketbeat past
2025-08-16,Zoetis,40,24,13,3,zts invested 000 years
2025-08-16,3M,40,23,15,2,pfas litigation far billions
2025-08-16,Archer Daniels Midland,40,20,18,2,adm profit falls 5-year
2025-08-16,Arrow Electronics,40,18,20,2,tumble weak earnings guidance
2025-08-16,Athene Holding,40,19,19,2,plan sponsor guide pension
2025-08-16,Autoliv,40,22,16,2,alv swiss national bank
2025-08-16,Berkshire Hathaway,40,10,28,2,buy while below 470
2025-08-16,Biogen,40,16,22,2,motley fool asset management
2025-08-16,Cognizant Technology Solutions,40,34,4,2,hike wages employees november
2025-08-16,Coterra Energy,40,35,3,2,reverses rig reduction plans
2025-08-16,CVS Health,40,16,22,2,corporation nyse marketbeat
2025-08-16,Devon Energy,40,36,2,2,supply deal
2025-08-16,EOG Resources,40,16,22,2,nyse marketbeat
2025-08-16,General Dynamics,40,37,1,2,analysis outlook navigating mixed
2025-08-16,General Electric,40,11,27,2,company lobbying portland bottom
2025-08-16,General Motors,40,17,21,2,how broke range record
2025-08-16,Group 1 Automotive,40,14,24,2,record revenues gross profit
2025-08-16,Hilton Worldwide Holdings,40,15,23,2,nyse hlt marketbeat
2025-08-16,Kimberly-Clark,40,20,18,2,second earnings misses expectations
2025-08-16,Leidos Holdings,40,23,15,2,lowers nyse ldos
2025-08-16,Marathon Petroleum,40,23,15,2,ainvest volume plummets rank
2025-08-16,Marsh & McLennan,40,19,19,2,companies cantor fitzgerald initiates
2025-08-16,Norfolk Southern,40,11,27,2,rail customers urge regulators
2025-08-16,Northern Trust,40,37,1,2,potential bny merger
2025-08-16,NRG Energy,40,36,2,2,slashes swing net yahoo
2025-08-16,O'Reilly Automotive,40,20,18,2,lawsuit alleges prescription managers
2025-08-16,Penske Automotive Group,40,13,25,2,insider selling liquidity event
2025-08-16,PNC Financial Services Group,40,21,17,2,position technipfmc nyse fti
2025-08-16,Public Service Enterprise Group,40,19,19,2,pse large load pipeline
2025-08-16,PulteGroup,40,21,17,2,community central texas division
2025-08-16,Reinsurance Group of America,40,20,18,2,incorporated nyse rga
2025-08-16,Rockwell Automation,40,17,21,2,critical flaws patched factorytalk
2025-08-16,Sempra,40,33,5,2,ainvest analysis outlook mixed
2025-08-16,ServiceNow,40,20,18,2,now state jersey common
2025-08-16,Southwestern Energy,40,37,1,2,trespass claim district court
2025-08-16,Textron,40,17,21,2,charles schwab investment management
2025-08-16,Tractor Supply,40,19,19,2,jpmorgan chase holdings company
2025-08-16,US Foods Holding,40,24,14,2,jpmorgan chase holdings nyse
2025-08-16,Westinghouse Air Brake Technologies,40,20,18,2,second earnings eps beats
2025-08-16,AbbVie,40,19,20,1,key rico claims drug
2025-08-16,Ally Financial,40,16,23,1,dei victory bank removes
2025-08-16,Antero Resources,40,10,29,1,roth capital lowers due
2025-08-16,Assurant,40,23,16,1,rally enough break even
2025-08-16,Atmos Energy,40,39,0,1,earnings lag estimates revenues
2025-08-16,Best Buy,40,38,1,1,duo works together steal
2025-08-16,CDW,40,18,21,1,neuberger berman group llc
2025-08-16,Cheniere Energy,40,35,4,1,warns lng surge choke
2025-08-16,D.R. Horton,40,12,27,1,concord residents fight ludicrous
2025-08-16,DXC Technology,40,12,27,1,business continuity disaster recovery
2025-08-16,Entergy,40,24,15,1,louisiana orleans forced initiate
2025-08-16,Goldman Sachs Group,40,14,25,1,aggressive dividend raise reveal
2025-08-16,Guardian Life Ins. Co. of America,9,3,5,1,look which fortune 500
2025-08-16,International Paper,40,17,22,1,closes texas plants 117
2025-08-16,Lennar,40,12,27,1,charles county resident raises
2025-08-16,MetLife,40,17,22,1,agf management lowers stake
2025-08-16,Paccar,40,18,21,1,weighs risks tariffs security
2025-08-16,Principal Financial Group,40,17,22,1,rush buy mostly line
2025-08-16,Regions Financial,40,20,19,1,analysis outlook technical weakness
2025-08-16,Taylor Morrison Home,40,14,25,1,why tmhc trading lower
2025-08-16,Toll Brothers,40,10,29,1,long-term outlook unchanged despite
2025-08-16,Warner Bros. Discovery,40,18,21,1,box office record exactly
2025-08-16,Wayfair,40,18,21,1,shop 72-hour clearout sale
2025-08-16,WESCO International,40,21,18,1,note nyse wcc roe
2025-08-16,A-Mark Precious Metals,40,36,4,0,None
2025-08-16,Bank of New York Mellon,40,26,14,0,None
2025-08-16,BorgWarner,40,22,18,0,None
2025-08-16,Constellation Energy,40,39,1,0,None
2025-08-16,Dell Technologies,40,14,26,0,None
2025-08-16,Expeditors Intl. of Washington,7,2,5,0,None
2025-08-16,Fifth Third Bancorp,40,19,21,0,None
2025-08-16,Jones Lang LaSalle,40,18,22,0,None
2025-08-16,Kinder Morgan,40,39,1,0,None
2025-08-16,Las Vegas Sands,40,15,25,0,None
2025-08-16,Occidental Petroleum,40,28,12,0,None
2025-08-16,PPL,40,16,24,0,None
2025-08-16,TD Synnex,40,23,17,0,None
2025-08-16,United Airlines Holdings,40,39,1,0,None
2025-08-16,United Rentals,40,37,3,0,None
